4431,Carnesecchi,Marco Carnesecchi,P,Por,14,14,14,14,Atalanta,71,71,destro,Italia,01/07/2000 00:00:00,https://content.fantacalcio.it/web/campioncini/20/card/4431.png?v=334,0,0.0,0.0
2297,Rossi F.,Francesco Rossi,P,Por,1,1,1,1,Atalanta,1,1,destro,Italia,27/04/1991 00:00:00,https://content.fantacalcio.it/web/campioncini/20/card/2297.png?v=334,0,0.0,0.0
4,Sportiello,Marco Sportiello,P,Por,1,1,1,1,Atalanta,1,1,destro,Italia,10/05/1992 00:00:00,https://content.fantacalcio.it/web/campioncini/20/card/4.png?v=334,0,0.0,0.0
6444,Bonfanti,Giovanni Bonfanti,D,Dc,2,2,2,2,Atalanta,5,5,sinistro,Italia,17/01/2003 00:00:00,https://content.fantacalcio.it/web/campioncini/20/card/6444.png?v=334,0,0.0,0.0
787,Djimsiti,Berat Djimsiti,D,Dc,8,8,8,8,Atalanta,15,15,destro,Albania;Svizzera,16/02/1993 00:00:00,https://content.fantacalcio.it/web/campioncini/20/card/787.png?v=334,0,0.0,0.0
6046,Hien,Isak Hien,D,Dc,11,11,11,11,Atalanta,38,38,destro,Svezia;Burkina Faso,13/01/1999 00:00:00,https://content.fantacalcio.it/web/campioncini/20/card/6046.png?v=334,0,0.0,0.0
5526,Scalvini,Giorgio Scalvini,D,Dc,8,8,8,8,Atalanta,24,24,destro,Italia,11/12/2003 00:00:00,https://content.fantacalcio.it/web/campioncini/20/card/5526.png?v=334,0,0.0,0.0
5578,Kossounou,Odilon Kossounou,D,Dd;Dc,9,9,9,9,Atalanta,22,24,destro,Costa d''Avorio,04/01/2001 00:00:00,https://content.fantacalcio.it/web/campioncini/20/card/5578.png?v=334,0,0.0,0.0
2640,Kolasinac,Sead Kolasinac,D,B;Ds;E,7,7,7,7,Atalanta,15,18,sinistro,Bosnia Erzegovina;Germania,20/06/1993 00:00:00,https://content.fantacalcio.it/web/campioncini/20/card/2640.png?v=334,0,0.0,0.0
6916,Ahanor,Honest Ahanor,D,B;Ds;E,6,6,7,7,Atalanta,9,12,sinistro,Italia;Nigeria,23/02/2008 00:00:00,https://content.fantacalcio.it/web/campioncini/20/card/6916.png?v=334,0,0.0,0.0
4887,Bellanova,Raoul Bellanova,D,E,13,13,12,12,Atalanta,52,52,destro,Italia,17/05/2000 00:00:00,https://content.fantacalcio.it/web/campioncini/20/card/4887.png?v=334,0,0.0,0.0
6832,Palestra,Marco Palestra,D,E,3,3,2,2,Atalanta,8,7,destro,Italia,03/03/2005 00:00:00,https://content.fantacalcio.it/web/campioncini/20/card/6832.png?v=334,0,0.0,0.0
554,Zappacosta,Davide Zappacosta,D,E,13,13,12,12,Atalanta,46,46,destro,Italia,11/06/1992 00:00:00,https://content.fantacalcio.it/web/campioncini/20/card/554.png?v=334,0,0.0,0.0
22,De Roon,Marten De Roon ,C,M;C,12,12,13,13,Atalanta,33,38,destro,Olanda,29/03/1991 00:00:00,https://content.fantacalcio.it/web/campioncini/20/card/22.png?v=334,0,0.0,0.0
5792,Ederson D.S.,Ederson da Silva,C,M;C,15,15,16,16,Atalanta,58,64,destro,Brasile,07/07/1999 00:00:00,https://content.fantacalcio.it/web/campioncini/20/card/5792.png?v=334,0,0.0,0.0
6024,Sulemana I.,Ibrahim Sulemana,C,M;C,4,4,4,4,Atalanta,10,11,ambidestro,Ghana,22/05/2003 00:00:00,https://content.fantacalcio.it/web/campioncini/20/card/6024.png?v=334,0,0.0,0.0
4947,Brescianini,Marco Brescianini,C,C;T,8,8,8,8,Atalanta,23,23,sinistro,Italia,20/01/2000 00:00:00,https://content.fantacalcio.it/web/campioncini/20/card/4947.png?v=334,0,0.0,0.0
2077,Pasalic,Mario Pasalic,C,C;T,9,9,9,9,Atalanta,28,28,destro,Croazia,09/02/1995 00:00:00,https://content.fantacalcio.it/web/campioncini/20/card/2077.png?v=334,0,0.0,0.0
5119,Samardzic,Lazar Samardzic,C,T,12,12,11,11,Atalanta,35,31,sinistro,Germania;Serbia,24/02/2002 00:00:00,https://content.fantacalcio.it/web/campioncini/20/card/5119.png?v=334,0,0.0,0.0
4896,Maldini,Daniel Maldini,C,T;A,9,9,8,8,Atalanta,24,24,destro,Italia;Venezuela,11/10/2001 00:00:00,https://content.fantacalcio.it/web/campioncini/20/card/4896.png?v=334,0,0.0,0.0
5995,De Ketelaere,Charles De Ketelaere,A,A,22,22,23,23,Atalanta,166,166,sinistro,Belgio,10/03/2001 00:00:00,https://content.fantacalcio.it/web/campioncini/20/card/5995.png?v=334,0,0.0,0.0
5918,Sulemana K.,Kamaldeen Sulemana,A,A,9,9,9,9,Atalanta,21,21,destro,Ghana,15/02/2002 00:00:00,https://content.fantacalcio.it/web/campioncini/20/card/5918.png?v=334,0,0.0,0.0
4730,Lookman,Ademola Lookman,A,A,29,29,30,30,Atalanta,100,100,destro,Inghilterra;Nigeria,20/10/1997 00:00:00,https://content.fantacalcio.it/web/campioncini/20/card/4730.png?v=334,0,0.0,0.0
2137,Scamacca,Gianluca Scamacca,A,Pc,19,19,19,19,Atalanta,106,106,ambidestro,Italia,01/01/1999 00:00:00,https://content.fantacalcio.it/web/campioncini/20/card/2137.png?v=334,0,0.0,0.0
6229,Tourè E.,El Bilal Tourè,A,Pc,7,7,6,6,Atalanta,9,9,ambidestro,Mali;Costa D''Avorio,03/10/2001 00:00:00,https://content.fantacalcio.it/web/campioncini/20/card/6229.png?v=334,0,0.0,0.0
7172,Pessina Mas.,Massimo Pessina,P,Por,1,1,1,1,Bologna,1,1,destro,Bologna,25/12/2007 00:00:00,https://content.fantacalcio.it/web/campioncini/20/card/7172.png?v=334,0,0.0,0.0
2722,Ravaglia F.,Federico Ravaglia,P,Por,3,3,3,3,Bologna,9,9,destro,Italia,11/11/1999 00:00:00,https://content.fantacalcio.it/web/campioncini/20/card/2722.png?v=334,0,0.0,0.0
133,Skorupski,Lukasz Skorupski,P,Por,10,10,10,10,Bologna,49,49,destro,Polonia,05/05/1991 00:00:00,https://content.fantacalcio.it/web/campioncini/20/card/133.png?v=334,0,6.0,5.0
5498,Casale,Nicolò Casale,D,Dc,4,4,4,4,Bologna,8,8,destro,Italia,14/02/1998 00:00:00,https://content.fantacalcio.it/web/campioncini/20/card/5498.png?v=334,0,5.5,5.5
4982,Erlic,Martin Erlic,D,Dc,3,3,3,3,Bologna,7,7,destro,Croazia,24/01/1998 00:00:00,https://content.fantacalcio.it/web/campioncini/20/card/4982.png?v=334,1,0.0,0.0
6551,Ilic M.,Mihajlo Ilic,D,Dc,1,1,1,1,Bologna,2,2,destro,Serbia,04/06/2003 00:00:00,https://content.fantacalcio.it/web/campioncini/20/card/6551.png?v=334,0,0.0,0.0
6042,Lucumì,Jhon Lucumì,D,Dc,8,8,8,8,Bologna,21,21,sinistro,Colombia,26/06/1998 00:00:00,https://content.fantacalcio.it/web/campioncini/20/card/6042.png?v=334,0,5.0,5.0
7068,Vitik,Martin Vitik,D,Dc,8,8,8,8,Bologna,18,18,destro,Repubblica Ceca,21/01/2003 00:00:00,https://content.fantacalcio.it/web/campioncini/20/card/7068.png?v=334,0,6.0,6.0
6066,Posch,Stefan Posch,D,Dd;Dc,5,5,6,6,Bologna,10,12,destro,Austria,14/05/1997 00:00:00,https://content.fantacalcio.it/web/campioncini/20/card/6066.png?v=334,0,0.0,0.0
487,De Silvestri,Lorenzo De Silvestri,D,Dd;E,4,4,4,4,Bologna,10,10,destro,Italia,23/05/1988 00:00:00,https://content.fantacalcio.it/web/campioncini/20/card/487.png?v=334,0,6.0,6.0
5678,Holm,Emil Holm,D,Dd;E,8,8,8,8,Bologna,15,15,destro,Svezia,13/05/2000 00:00:00,https://content.fantacalcio.it/web/campioncini/20/card/5678.png?v=334,0,0.0,0.0
2653,Lykogiannis,Charalampos Lykogiannis,D,Ds;E,5,5,5,5,Bologna,12,12,sinistro,Grecia,22/10/1993 00:00:00,https://content.fantacalcio.it/web/campioncini/20/card/2653.png?v=334,0,5.0,5.0
4734,Miranda J.,Juan Miranda,D,Ds;E,9,9,9,9,Bologna,24,24,sinistro,Spagna,19/01/2000 00:00:00,https://content.fantacalcio.it/web/campioncini/20/card/4734.png?v=334,0,0.0,0.0
6225,El Azzouzi,Oussama El Azzouzi,C,M;C,3,3,3,3,Bologna,7,7,destro,Marocco;Olanda,29/05/2001 00:00:00,https://content.fantacalcio.it/web/campioncini/20/card/6225.png?v=334,1,0.0,0.0
788,Freuler,Remo Freuler,C,M;C,11,11,12,12,Bologna,23,28,destro,Svizzera,15/04/1992 00:00:00,https://content.fantacalcio.it/web/campioncini/20/card/788.png?v=334,0,6.0,5.5
6054,Moro N.,Nikola Moro,C,M;C,3,3,3,3,Bologna,7,7,destro,Croazia,12/03/1998 00:00:00,https://content.fantacalcio.it/web/campioncini/20/card/6054.png?v=334,0,0.0,0.0
5298,Pobega,Tommaso Pobega,C,M;C,8,8,9,9,Bologna,22,24,ambidestro,Italia,15/07/1999 00:00:00,https://content.fantacalcio.it/web/campioncini/20/card/5298.png?v=334,0,5.0,5.0
5784,Aebischer,Michel Aebischer,C,C,4,4,4,4,Pisa,14,14,destro,Svizzera,06/01/1997 00:00:00,https://content.fantacalcio.it/web/campioncini/20/card/5784.png?v=334,0,0.0,0.0
6206,Fabbian,Giovanni Fabbian,C,C;T,10,10,10,10,Bologna,17,17,destro,Italia,14/01/2003 00:00:00,https://content.fantacalcio.it/web/campioncini/20/card/6206.png?v=334,0,6.0,6.0
5858,Ferguson,Lewis Ferguson,C,C;T,11,11,11,11,Bologna,23,23,destro,Scozia,24/08/1999 00:00:00,https://content.fantacalcio.it/web/campioncini/20/card/5858.png?v=334,0,0.0,0.0
5564,Ndoye,Dan Ndoye,C,W,19,19,18,18,Bologna,60,60,destro,Svizzera;Senegal,25/10/2000 00:00:00,https://content.fantacalcio.it/web/campioncini/20/card/5564.png?v=334,1,0.0,0.0
184,Bernardeschi,Federico Bernardeschi,C,W;A,9,9,8,8,Bologna,24,24,sinistro,Italia,16/02/1994 00:00:00,https://content.fantacalcio.it/web/campioncini/20/card/184.png?v=334,0,0.0,0.0
2167,Orsolini,Riccardo Orsolini,C,W;A,30,30,29,29,Bologna,220,220,sinistro,Italia,24/01/1997 00:00:00,https://content.fantacalcio.it/web/campioncini/20/card/2167.png?v=334,0,6.0,6.0
2765,Odgaard,Jens Odgaard,C,T;A,16,16,15,15,Bologna,78,78,sinistro,Danimarca,31/03/1999 00:00:00,https://content.fantacalcio.it/web/campioncini/20/card/2765.png?v=334,0,5.0,5.0
6895,Dominguez B.,Benjamin Dominguez,A,W;A,9,9,9,9,Bologna,24,25,destro,Argentina,19/09/2003 00:00:00,https://content.fantacalcio.it/web/campioncini/20/card/6895.png?v=334,0,0.0,0.0
6459,Karlsson,Jesper Karlsson,A,W;A,3,3,3,3,Bologna,7,7,destro,Svezia,25/07/1998 00:00:00,https://content.fantacalcio.it/web/campioncini/20/card/6459.png?v=334,0,0.0,0.0
4436,Cambiaghi,Nicolò Cambiaghi,A,A,11,11,11,11,Bologna,26,26,destro,Italia,28/12/2000 00:00:00,https://content.fantacalcio.it/web/campioncini/20/card/4436.png?v=334,0,5.0,5.0
6572,Castro S.,Santiago Castro,A,Pc,19,19,19,19,Bologna,122,122,destro,Argentina,18/09/2004 00:00:00,https://content.fantacalcio.it/web/campioncini/20/card/6572.png?v=334,0,6.5,6.5
6643,Dallinga,Thijs Dallinga,A,Pc,10,10,10,10,Bologna,13,10,destro,Olanda,03/08/2000 00:00:00,https://content.fantacalcio.it/web/campioncini/20/card/6643.png?v=334,0,0.0,0.0
785,Immobile,Ciro Immobile,A,Pc,19,19,19,19,Bologna,140,140,destro,Italia,20/02/1990 00:00:00,https://content.fantacalcio.it/web/campioncini/20/card/785.png?v=334,0,6.0,6.0
4360,Caprile,Elia Caprile,P,Por,7,7,7,7,Cagliari,18,18,destro,Italia,25/08/2001 00:00:00,https://content.fantacalcio.it/web/campioncini/20/card/4360.png?v=334,0,0.0,0.0
4929,Ciocci,Giuseppe Ciocci,P,Por,1,1,1,1,Cagliari,1,1,destro,Italia,24/01/2002 00:00:00,https://content.fantacalcio.it/web/campioncini/20/card/4929.png?v=334,0,0.0,0.0
3,Radunovic,Boris Radunovic,P,Por,1,1,1,1,Cagliari,1,1,destro,Serbia,26/05/1996 00:00:00,https://content.fantacalcio.it/web/campioncini/20/card/3.png?v=334,0,0.0,0.0
393,Luperto,Sebastiano Luperto,D,Dc,7,7,7,7,Cagliari,18,18,sinistro,Italia,06/09/1996 00:00:00,https://content.fantacalcio.it/web/campioncini/20/card/393.png?v=334,0,0.0,0.0
4210,Mina,Yerry Mina,D,Dc,7,7,7,7,Cagliari,21,21,destro,Colombia,23/09/1994 00:00:00,https://content.fantacalcio.it/web/campioncini/20/card/4210.png?v=334,0,0.0,0.0
6464,Wieteska,Mateusz Wieteska,D,Dc,1,1,1,1,Cagliari,2,2,destro,Polonia,11/02/1997 00:00:00,https://content.fantacalcio.it/web/campioncini/20/card/6464.png?v=334,1,0.0,0.0
5701,Obert,Adam Obert,D,Ds;Dc,4,4,4,4,Cagliari,10,11,sinistro,Slovacchia,23/08/2002 00:00:00,https://content.fantacalcio.it/web/campioncini/20/card/5701.png?v=334,0,0.0,0.0
6636,Veroli,Davide Veroli,D,Ds;Dc,1,1,1,1,Cagliari,1,1,sinistro,Italia,29/01/2003 00:00:00,https://content.fantacalcio.it/web/campioncini/20/card/6636.png?v=334,1,0.0,0.0
4461,Zappa,Gabriele Zappa,D,B;Dd;E,6,6,7,7,Cagliari,13,16,destro,Italia,22/12/1999 00:00:00,https://content.fantacalcio.it/web/campioncini/20/card/4461.png?v=334,0,0.0,0.0
5406,Di Pardo,Alessandro Di Pardo,D,Dd;E,2,2,2,2,Cagliari,4,4,destro,Italia,18/07/1999 00:00:00,https://content.fantacalcio.it/web/campioncini/20/card/5406.png?v=334,0,0.0,0.0
7125,Idrissi R.,Riyad Idrissi,D,Ds;E,3,3,3,3,Cagliari,7,7,sinistro,Italia;Marocco,13/06/2005 00:00:00,https://content.fantacalcio.it/web/campioncini/20/card/7125.png?v=334,0,0.0,0.0
4433,Zortea,Nadir Zortea,D,E,16,16,15,15,Bologna,41,25,destro,Italia,19/06/1999 00:00:00,https://content.fantacalcio.it/web/campioncini/20/card/4433.png?v=334,0,5.5,5.5
4870,Adopo,Michel Adopo,C,M;C,5,5,6,6,Cagliari,14,15,destro,Francia;Costa d''Avorio,19/07/2000 00:00:00,https://content.fantacalcio.it/web/campioncini/20/card/4870.png?v=334,0,0.0,0.0
1871,Deiola,Alessandro Deiola,C,M;C,5,5,5,5,Cagliari,11,12,destro,Italia,01/08/1995 00:00:00,https://content.fantacalcio.it/web/campioncini/20/card/1871.png?v=334,0,0.0,0.0
7165,Liteta,Joseph Liteta,C,M;C,1,1,1,1,Cagliari,6,8,destro,Zambia,22/02/2006 00:00:00,https://content.fantacalcio.it/web/campioncini/20/card/7165.png?v=334,0,0.0,0.0
6424,Prati,Matteo Prati,C,M;C,3,3,3,3,Cagliari,11,16,destro,Italia,28/12/2003 00:00:00,https://content.fantacalcio.it/web/campioncini/20/card/6424.png?v=334,0,0.0,0.0
6252,Folorunsho,Michael Folorunsho,C,C;T,9,9,9,9,Cagliari,27,27,destro,Italia;Nigeria,07/02/1998 00:00:00,https://content.fantacalcio.it/web/campioncini/20/card/6252.png?v=334,0,0.0,0.0
6640,Felici,Mattia Felici,C,W,6,6,5,5,Cagliari,13,10,destro,Italia,17/04/2001 00:00:00,https://content.fantacalcio.it/web/campioncini/20/card/6640.png?v=334,0,0.0,0.0
4364,Gaetano,Gianluca Gaetano,C,T,8,8,7,7,Cagliari,12,10,destro,Italia,05/05/2000 00:00:00,https://content.fantacalcio.it/web/campioncini/20/card/4364.png?v=334,0,0.0,0.0
5297,Luvumbo,Zito Luvumbo,A,A,12,12,12,12,Cagliari,20,20,sinistro,Angola,09/03/2002 00:00:00,https://content.fantacalcio.it/web/campioncini/20/card/5297.png?v=334,0,0.0,0.0
6243,Borrelli,Gennaro Borrelli,A,Pc,5,5,4,4,Cagliari,10,8,destro,Italia,10/03/2000 00:00:00,https://content.fantacalcio.it/web/campioncini/20/card/6243.png?v=334,0,0.0,0.0
247,Pavoletti,Leonardo Pavoletti,A,Pc,1,1,1,1,Cagliari,3,3,destro,Italia,26/11/1988 00:00:00,https://content.fantacalcio.it/web/campioncini/20/card/247.png?v=334,0,0.0,0.0
4359,Piccoli,Roberto Piccoli,A,Pc,17,17,17,17,Cagliari,86,83,destro,Italia,27/01/2001 00:00:00,https://content.fantacalcio.it/web/campioncini/20/card/4359.png?v=334,0,0.0,0.0
6966,Butez,Jean Butez,P,Por,10,10,10,10,Como,32,32,destro,Francia,08/06/1995 00:00:00,https://content.fantacalcio.it/web/campioncini/20/card/6966.png?v=334,0,0.0,0.0
2809,Vigorito,Mauro Vigorito,P,Por,1,1,1,1,Como,1,1,destro,Italia,22/05/1990 00:00:00,https://content.fantacalcio.it/web/campioncini/20/card/2809.png?v=334,0,0.0,0.0
6230,Dossena,Alberto Dossena,D,Dc,4,4,4,4,Como,11,11,destro,Italia,13/10/1998 00:00:00,https://content.fantacalcio.it/web/campioncini/20/card/6230.png?v=334,0,0.0,0.0
418,Goldaniga,Edoardo Goldaniga,D,Dc,4,4,4,4,Como,6,6,ambidestro,Italia,02/11/1993 00:00:00,https://content.fantacalcio.it/web/campioncini/20/card/418.png?v=334,0,0.0,0.0
6893,Kempf,Marc Oliver Kempf,D,Dc,5,5,5,5,Como,15,15,sinistro,Germania,28/01/1995 00:00:00,https://content.fantacalcio.it/web/campioncini/20/card/6893.png?v=334,0,0.0,0.0
7014,Smolcic I.,Ivan Smolcic,D,Dd;Dc,2,2,2,2,Como,5,6,destro,Croazia,17/08/2000 00:00:00,https://content.fantacalcio.it/web/campioncini/20/card/7014.png?v=334,0,0.0,0.0
6944,Jack,Fellipe Jack,D,Ds;Dc,2,2,2,2,Como,4,5,sinistro,Brasile;Italia,12/01/2006 00:00:00,https://content.fantacalcio.it/web/campioncini/20/card/6944.png?v=334,0,0.0,0.0
6896,Van Der Brempt,Ignace Van der Brempt,D,Dd;E,4,4,4,4,Como,8,8,destro,Belgio,01/04/2002 00:00:00,https://content.fantacalcio.it/web/campioncini/20/card/6896.png?v=334,0,0.0,0.0
4994,Vojvoda,Mergim Vojvoda,D,Dd;E,6,6,6,6,Como,10,10,destro,Kosovo;Belgio,01/02/1995 00:00:00,https://content.fantacalcio.it/web/campioncini/20/card/4994.png?v=334,0,0.0,0.0
5435,Moreno Alb.,Alberto Moreno,D,Ds;E,3,3,3,3,Como,7,7,sinistro,Spagna,05/07/1992 00:00:00,https://content.fantacalcio.it/web/campioncini/20/card/5435.png?v=334,0,0.0,0.0
6867,Valle,Alex Valle,D,Ds;E,6,6,6,6,Como,13,13,sinistro,Spagna,25/04/2004 00:00:00,https://content.fantacalcio.it/web/campioncini/20/card/6867.png?v=334,0,0.0,0.0
6656,Braunoder,Matthias Braunoder,C,M;C,1,1,1,1,Como,1,1,destro,Austria,27/03/2002 00:00:00,https://content.fantacalcio.it/web/campioncini/20/card/6656.png?v=334,1,0.0,0.0
6676,Engelhardt,Yannik Engelhardt,C,M;C,2,2,2,2,Como,3,3,destro,Germania,07/02/2001 00:00:00,https://content.fantacalcio.it/web/campioncini/20/card/6676.png?v=334,0,0.0,0.0
6151,Perrone,Maximo Perrone,C,M;C,8,8,9,9,Como,19,21,sinistro,Argentina,07/01/2003 00:00:00,https://content.fantacalcio.it/web/campioncini/20/card/6151.png?v=334,0,0.0,0.0
4284,Sergi Roberto,Sergi Roberto,C,M;C,4,4,4,4,Como,8,8,destro,Spagna,07/02/1992 00:00:00,https://content.fantacalcio.it/web/campioncini/20/card/4284.png?v=334,0,0.0,0.0
5036,Caqueret,Maxence Caqueret,C,C;T,12,12,12,12,Como,21,21,destro,Francia,15/02/2000 00:00:00,https://content.fantacalcio.it/web/campioncini/20/card/5036.png?v=334,0,0.0,0.0
5559,Da Cunha,Lucas Da Cunha,C,C;W;T,12,12,13,13,Como,33,36,sinistro,Francia;Portogallo,09/06/2001 00:00:00,https://content.fantacalcio.it/web/campioncini/20/card/5559.png?v=334,0,0.0,0.0
4486,Strefezza,Gabriel Strefezza,C,W,14,14,13,13,Como,22,22,destro,Brasile;Italia,18/04/1997 00:00:00,https://content.fantacalcio.it/web/campioncini/20/card/4486.png?v=334,1,0.0,0.0
2553,Alli,Dele Alli,C,T,1,1,1,1,Como,1,1,destro,Inghilterra;Nigeria,11/04/1996 00:00:00,https://content.fantacalcio.it/web/campioncini/20/card/2553.png?v=334,0,0.0,0.0
7126,Baturina,Martin Baturina,C,T,9,9,8,8,Como,28,25,destro,Croazia,16/02/2003 00:00:00,https://content.fantacalcio.it/web/campioncini/20/card/7126.png?v=334,0,0.0,0.0
6875,Paz N.,Nico Paz,C,T;A,20,20,20,20,Como,124,124,sinistro,Argentina;Spagna,08/09/2004 00:00:00,https://content.fantacalcio.it/web/campioncini/20/card/6875.png?v=334,0,0.0,0.0
7127,Addai,Jayden Addai,A,W;A,7,7,7,7,Como,18,21,sinistro,Olanda;Ghana,26/08/2005 00:00:00,https://content.fantacalcio.it/web/campioncini/20/card/7127.png?v=334,0,0.0,0.0
6967,Diao,Assane Diao,A,W;A,17,17,18,18,Como,95,99,destro,Spagna;Senegal,07/09/2005 00:00:00,https://content.fantacalcio.it/web/campioncini/20/card/6967.png?v=334,0,0.0,0.0
7128,Kuhn,Nicolas Kuhn,A,W;A,14,14,15,15,Como,39,42,sinistro,Germania,01/01/2000 00:00:00,https://content.fantacalcio.it/web/campioncini/20/card/7128.png?v=334,0,0.0,0.0
7129,Rodriguez Je.,Jesus Rodriguez,A,W;A,5,5,5,5,Como,16,16,destro,Spagna,21/11/2005 00:00:00,https://content.fantacalcio.it/web/campioncini/20/card/7129.png?v=334,0,0.0,0.0
7027,Azon,Ivan Azon,A,Pc,1,1,1,1,Como,5,3,destro,Spagna,24/12/2002 00:00:00,https://content.fantacalcio.it/web/campioncini/20/card/7027.png?v=334,0,0.0,0.0
2155,Cutrone,Patrick Cutrone,A,Pc,10,10,10,10,Como,13,10,destro,Italia,03/01/1998 00:00:00,https://content.fantacalcio.it/web/campioncini/20/card/2155.png?v=334,0,0.0,0.0
7017,Douvikas,Anastasios Douvikas,A,Pc,8,8,7,7,Como,20,17,destro,Grecia,02/08/1999 00:00:00,https://content.fantacalcio.it/web/campioncini/20/card/7017.png?v=334,0,0.0,0.0
6657,Gabrielloni,Alessandro Gabrielloni,A,Pc,1,1,1,1,Como,1,1,destro,Italia,10/07/1994 00:00:00,https://content.fantacalcio.it/web/campioncini/20/card/6657.png?v=334,0,0.0,0.0
761,Audero,Emil Audero,P,Por,5,5,5,5,Cremonese,12,12,destro,Italia;Indonesia,18/01/1997 00:00:00,https://content.fantacalcio.it/web/campioncini/20/card/761.png?v=334,0,6.5,5.5
6505,Nava,Lapo Nava,P,Por,1,1,1,1,Cremonese,1,1,destro,Italia,22/01/2004 00:00:00,https://content.fantacalcio.it/web/campioncini/20/card/6505.png?v=334,0,0.0,0.0
612,Bianchetti,Matteo Bianchetti,D,Dc,3,3,3,3,Cremonese,4,4,destro,Italia,17/03/1993 00:00:00,https://content.fantacalcio.it/web/campioncini/20/card/612.png?v=334,0,6.5,6.5
7130,Folino,Francesco Folino,D,Dc,4,4,4,4,Cremonese,9,9,destro,Italia,23/01/2002 00:00:00,https://content.fantacalcio.it/web/campioncini/20/card/7130.png?v=334,0,0.0,0.0
5860,Ravanelli,Luca Ravanelli,D,Dc,2,2,2,2,Cremonese,3,3,destro,Italia,06/01/1997 00:00:00,https://content.fantacalcio.it/web/campioncini/20/card/5860.png?v=334,1,0.0,0.0
1891,Ceccherini,Federico Ceccherini,D,Dd;Dc,4,4,4,4,Cremonese,11,12,destro,Italia,11/05/1992 00:00:00,https://content.fantacalcio.it/web/campioncini/20/card/1891.png?v=334,0,0.0,0.0
7131,Floriani Mussolini,Romano Floriani Mussolini,D,Dd;E,5,5,5,5,Cremonese,11,11,destro,Italia,27/01/2003 00:00:00,https://content.fantacalcio.it/web/campioncini/20/card/7131.png?v=334,0,0.0,0.0
6231,Azzi,Paulo Azzi,D,Ds;E,3,3,3,3,Cremonese,7,7,destro,Brasile;Italia,15/07/1994 00:00:00,https://content.fantacalcio.it/web/campioncini/20/card/6231.png?v=334,1,0.0,0.0
770,Pezzella Giu.,Giuseppe Pezzella,D,Ds;E,5,5,5,5,Cremonese,13,13,sinistro,Italia,29/11/1997 00:00:00,https://content.fantacalcio.it/web/campioncini/20/card/770.png?v=334,0,6.5,7.5
5891,Quagliata,Giacomo Quagliata,D,Ds;E,1,1,1,1,Cremonese,2,2,sinistro,Italia,19/02/2000 00:00:00,https://content.fantacalcio.it/web/campioncini/20/card/5891.png?v=334,1,0.0,0.0
6013,Barbieri,Tommaso Barbieri,D,Dd;Ds;E,3,3,4,4,Cremonese,8,9,destro,Italia,26/08/2002 00:00:00,https://content.fantacalcio.it/web/campioncini/20/card/6013.png?v=334,0,0.0,0.0
2847,Sernicola,Leonardo Sernicola,D,Dd;Ds;E,1,1,1,1,Cremonese,2,2,destro,Italia,30/07/1997 00:00:00,https://content.fantacalcio.it/web/campioncini/20/card/2847.png?v=334,0,0.0,0.0
5863,Castagnetti,Michele Castagnetti,C,M;C,3,3,3,3,Cremonese,5,5,sinistro,Italia,27/12/1989 00:00:00,https://content.fantacalcio.it/web/campioncini/20/card/5863.png?v=334,0,0.0,0.0
7132,Collocolo,Michele Collocolo,C,M;C,8,8,9,9,Cremonese,23,28,destro,Italia,08/11/1999 00:00:00,https://content.fantacalcio.it/web/campioncini/20/card/7132.png?v=334,0,6.5,6.5
27,Grassi,Alberto Grassi,C,M;C,4,4,4,4,Cremonese,9,10,destro,Italia,07/03/1995 00:00:00,https://content.fantacalcio.it/web/campioncini/20/card/27.png?v=334,0,5.5,5.0
5857,Pickel,Charles Pickel,C,M;C,2,2,2,2,Cremonese,3,3,destro,Svizzera;Repubblica Democratica del Congo,15/05/1997 00:00:00,https://content.fantacalcio.it/web/campioncini/20/card/5857.png?v=334,0,0.0,0.0
2274,Valoti,Mattia Valoti,C,C;T,7,7,7,7,Cremonese,9,9,destro,Italia,06/09/1993 00:00:00,https://content.fantacalcio.it/web/campioncini/20/card/2274.png?v=334,0,0.0,0.0
2842,Zanimacchia,Luca Zanimacchia,C,W,5,5,4,4,Cremonese,5,5,destro,Italia,19/07/1998 00:00:00,https://content.fantacalcio.it/web/campioncini/20/card/2842.png?v=334,1,0.0,0.0
7133,Vandeputte,Jari Vandeputte,C,W;T,12,12,12,12,Cremonese,36,36,destro,Belgio,14/02/1996 00:00:00,https://content.fantacalcio.it/web/campioncini/20/card/7133.png?v=334,0,6.0,6.0
449,Vazquez,Franco Vazquez,C,T;A,10,10,10,10,Cremonese,30,30,sinistro,Italia;Spagna,22/02/1989 00:00:00,https://content.fantacalcio.it/web/campioncini/20/card/449.png?v=334,0,0.0,0.0
5496,Johnsen,Dennis Johnsen,A,A,7,7,7,7,Cremonese,12,12,destro,Norvegia,17/02/1998 00:00:00,https://content.fantacalcio.it/web/campioncini/20/card/5496.png?v=334,0,0.0,0.0
505,Bonazzoli,Federico Bonazzoli,A,A,1,1,1,1,Cremonese,1,1,sinistro,Italia,21/05/1997 00:00:00,https://content.fantacalcio.it/web/campioncini/20/card/505.png?v=334,0,7.5,10.5
5515,Okereke,David Okereke,A,A,5,5,5,5,Cremonese,7,7,destro,Nigeria,29/08/1997 00:00:00,https://content.fantacalcio.it/web/campioncini/20/card/5515.png?v=334,0,6.0,6.0
5512,De Luca,Manuel De Luca,A,Pc,8,8,7,7,Cremonese,22,19,ambidestro,Italia,17/07/1998 00:00:00,https://content.fantacalcio.it/web/campioncini/20/card/5512.png?v=334,0,0.0,0.0
7134,Nasti,Marco Nasti,A,Pc,1,1,1,1,Cremonese,3,2,destro,Italia,17/09/2003 00:00:00,https://content.fantacalcio.it/web/campioncini/20/card/7134.png?v=334,1,0.0,0.0
6403,Christensen O.,Oliver Christensen,P,Por,1,1,1,1,Fiorentina,1,1,destro,Danimarca,22/03/1999 00:00:00,https://content.fantacalcio.it/web/campioncini/20/card/6403.png?v=334,1,0.0,0.0
2521,De Gea,David De Gea,P,Por,14,14,14,14,Fiorentina,62,62,destro,Spagna,07/11/1990 00:00:00,https://content.fantacalcio.it/web/campioncini/20/card/2521.png?v=334,0,0.0,0.0
6184,Martinelli T.,Tommaso Martinelli,P,Por,1,1,1,1,Fiorentina,1,1,destro,Italia,06/01/2006 00:00:00,https://content.fantacalcio.it/web/campioncini/20/card/6184.png?v=334,0,0.0,0.0
6495,Comuzzo,Pietro Comuzzo,D,Dc,7,7,7,7,Fiorentina,17,17,destro,Italia,20/02/2005 00:00:00,https://content.fantacalcio.it/web/campioncini/20/card/6495.png?v=334,0,0.0,0.0
4904,Marì,Pablo Marì,D,Dc,7,7,7,7,Fiorentina,13,13,sinistro,Spagna,31/08/1993 00:00:00,https://content.fantacalcio.it/web/campioncini/20/card/4904.png?v=334,0,0.0,0.0
5603,Pongracic,Marin Pongracic,D,Dc,5,5,5,5,Fiorentina,16,16,destro,Croazia;Germania,11/09/1997 00:00:00,https://content.fantacalcio.it/web/campioncini/20/card/5603.png?v=334,0,0.0,0.0
5718,Viti,Mattia Viti,D,Dc,4,4,4,4,Fiorentina,9,9,sinistro,Italia,24/01/2002 00:00:00,https://content.fantacalcio.it/web/campioncini/20/card/5718.png?v=334,0,0.0,0.0
4378,Ranieri L.,Luca Ranieri,D,Ds;Dc,7,7,7,7,Fiorentina,16,17,sinistro,Italia,23/04/1999 00:00:00,https://content.fantacalcio.it/web/campioncini/20/card/4378.png?v=334,0,0.0,0.0
5885,Dodò,Dodò,D,E,11,11,10,10,Fiorentina,42,42,destro,Brasile,17/11/1998 00:00:00,https://content.fantacalcio.it/web/campioncini/20/card/5885.png?v=334,0,0.0,0.0
7069,Fortini,Niccolò Fortini,D,E,3,3,3,3,Fiorentina,5,4,destro,Italia,13/02/2006 00:00:00,https://content.fantacalcio.it/web/campioncini/20/card/7069.png?v=334,0,0.0,0.0
2160,Gosens,Robin Gosens,D,E,18,18,17,17,Fiorentina,86,81,sinistro,Germania;Olanda,05/07/1994 00:00:00,https://content.fantacalcio.it/web/campioncini/20/card/2160.png?v=334,0,0.0,0.0
5449,Parisi,Fabiano Parisi,D,E,5,5,4,4,Fiorentina,11,10,sinistro,Italia,09/11/2000 00:00:00,https://content.fantacalcio.it/web/campioncini/20/card/5449.png?v=334,0,0.0,0.0
5516,Bianco,Alessandro Bianco,C,M;C,1,1,1,1,Fiorentina,2,3,destro,Italia,01/10/2002 00:00:00,https://content.fantacalcio.it/web/campioncini/20/card/5516.png?v=334,0,0.0,0.0
1933,Mandragora,Rolando Mandragora,C,M;C,14,14,14,14,Fiorentina,25,30,sinistro,Italia,29/06/1997 00:00:00,https://content.fantacalcio.it/web/campioncini/20/card/1933.png?v=334,0,0.0,0.0
6294,Ndour,Cher Ndour,C,M;C,2,2,2,2,Fiorentina,4,5,ambidestro,Italia;Senegal,27/07/2004 00:00:00,https://content.fantacalcio.it/web/campioncini/20/card/6294.png?v=334,0,0.0,0.0
6804,Richardson,Amir Richardson,C,M;C,4,4,4,4,Fiorentina,8,9,sinistro,Marocco;Francia,24/01/2002 00:00:00,https://content.fantacalcio.it/web/campioncini/20/card/6804.png?v=334,0,0.0,0.0
4465,Fagioli,Nicolò Fagioli,C,C,8,8,8,8,Fiorentina,24,24,destro,Italia,12/02/2001 00:00:00,https://content.fantacalcio.it/web/campioncini/20/card/4465.png?v=334,0,0.0,0.0
6010,Fazzini,Jacopo Fazzini,C,C;T,11,11,11,11,Fiorentina,27,27,destro,Italia,16/03/2003 00:00:00,https://content.fantacalcio.it/web/campioncini/20/card/6010.png?v=334,0,0.0,0.0
5788,Sabiri,Abdelhamid Sabiri,C,T,2,2,2,2,Fiorentina,4,4,destro,Germania;Maroccco,28/11/1996 00:00:00,https://content.fantacalcio.it/web/campioncini/20/card/5788.png?v=334,0,0.0,0.0
5800,Gudmundsson A.,Albert Gudmundsson,C,T;A,24,24,23,23,Fiorentina,177,172,destro,Islanda,15/06/1997 00:00:00,https://content.fantacalcio.it/web/campioncini/20/card/5800.png?v=334,0,0.0,0.0
6409,Beltran L.,Lucas Beltran,A,A,7,7,7,7,Fiorentina,10,10,destro,Argentina;Italia,29/03/2001 00:00:00,https://content.fantacalcio.it/web/campioncini/20/card/6409.png?v=334,0,0.0,0.0
647,Dzeko,Edin Dzeko,A,Pc,15,15,15,15,Fiorentina,63,63,ambidestro,Bosnia Erzegovina,17/03/1986 00:00:00,https://content.fantacalcio.it/web/campioncini/20/card/647.png?v=334,0,0.0,0.0
2097,Kean,Moise Kean,A,Pc,33,33,33,33,Fiorentina,375,375,destro,Italia;Costa d''Avorio,28/02/2000 00:00:00,https://content.fantacalcio.it/web/campioncini/20/card/2097.png?v=334,0,0.0,0.0
188,Leali,Nicola Leali,P,Por,8,8,8,8,Genoa,28,28,destro,Italia,17/02/1993 00:00:00,https://content.fantacalcio.it/web/campioncini/20/card/188.png?v=334,0,6.0,6.0
6991,Siegrist,Benjamin Siegrist,P,Por,1,1,1,1,Genoa,1,1,destro,Svizzera,31/01/1992 00:00:00,https://content.fantacalcio.it/web/campioncini/20/card/6991.png?v=334,0,0.0,0.0
219,Sommariva,Daniele Sommariva,P,Por,1,1,1,1,Genoa,1,1,destro,Italia,18/07/1997 00:00:00,https://content.fantacalcio.it/web/campioncini/20/card/219.png?v=334,0,0.0,0.0
6660,Marcandalli,Alessandro Marcandalli,D,Dc,3,3,3,3,Genoa,2,2,destro,Italia;Nigeria,25/02/2002 00:00:00,https://content.fantacalcio.it/web/campioncini/20/card/6660.png?v=334,0,6.5,6.5
6977,Otoa,Sebastian Otoa,D,Dc,2,2,2,2,Genoa,3,3,destro,Danimarca,13/05/2004 00:00:00,https://content.fantacalcio.it/web/campioncini/20/card/6977.png?v=334,0,0.0,0.0
5739,De Winter,Koni De Winter,D,Dd;Dc,8,8,9,9,Milan,17,19,destro,Belgio,12/06/2002 00:00:00,https://content.fantacalcio.it/web/campioncini/20/card/5739.png?v=334,0,0.0,0.0
6245,Vogliacco,Alessandro Vogliacco,D,Dd;Dc,3,3,4,4,Genoa,5,6,destro,Italia,14/09/1998 00:00:00,https://content.fantacalcio.it/web/campioncini/20/card/6245.png?v=334,0,0.0,0.0
5514,Vasquez,Johan Vasquez,D,Ds;Dc,9,9,10,10,Genoa,20,23,sinistro,Messico,22/04/1998 00:00:00,https://content.fantacalcio.it/web/campioncini/20/card/5514.png?v=334,0,6.5,6.5
6814,Norton-Cuffy,Brooke Norton-Cuffy,D,Dd;E,3,3,3,3,Genoa,7,7,destro,Inghilterra;Dominica,12/01/2004 00:00:00,https://content.fantacalcio.it/web/campioncini/20/card/6814.png?v=334,0,5.0,5.0
2593,Martin,Aaron Martin,D,Ds;E,10,10,10,10,Genoa,32,32,sinistro,Spagna,22/04/1997 00:00:00,https://content.fantacalcio.it/web/campioncini/20/card/2593.png?v=334,0,6.0,5.5
791,Sabelli,Stefano Sabelli,D,Dd;Ds;E,5,5,5,5,Genoa,11,13,destro,Italia,13/01/1993 00:00:00,https://content.fantacalcio.it/web/campioncini/20/card/791.png?v=334,0,0.0,0.0
5791,Frendrup,Morten Frendrup,C,M;C,9,9,10,10,Genoa,21,24,destro,Danimarca,07/04/2001 00:00:00,https://content.fantacalcio.it/web/campioncini/20/card/5791.png?v=334,0,6.0,6.0
6917,Masini,Patrizio Masini,C,M;C,5,5,5,5,Genoa,10,11,destro,Italia,27/01/2001 00:00:00,https://content.fantacalcio.it/web/campioncini/20/card/6917.png?v=334,0,6.0,6.0
6020,Ellertsson,Mikael Egill Ellertsson,C,C;W,5,5,5,5,Genoa,13,13,sinistro,Islanda,11/03/2002 00:00:00,https://content.fantacalcio.it/web/campioncini/20/card/6020.png?v=334,0,6.0,6.0
4970,Messias,Junior Messias,C,C;W,8,8,8,8,Genoa,18,18,sinistro,Brasile,13/05/1991 00:00:00,https://content.fantacalcio.it/web/campioncini/20/card/4970.png?v=334,0,5.5,5.5
4427,Malinovskyi,Ruslan Malinovskyi,C,C;T,8,8,8,8,Genoa,25,25,sinistro,Ucraina,04/05/1993 00:00:00,https://content.fantacalcio.it/web/campioncini/20/card/4427.png?v=334,0,0.0,0.0
7135,Stanciu,Nicolae Stanciu,C,C;T,8,8,8,8,Genoa,25,25,destro,Romania,07/05/1993 00:00:00,https://content.fantacalcio.it/web/campioncini/20/card/7135.png?v=334,0,6.0,6.0
4404,Thorsby,Morten Thorsby,C,C;T,5,5,5,5,Genoa,12,12,destro,Norvegia,05/05/1996 00:00:00,https://content.fantacalcio.it/web/campioncini/20/card/4404.png?v=334,0,0.0,0.0
6980,Venturino,Lorenzo Venturino,C,W,3,3,3,3,Genoa,10,10,destro,Italia,22/06/2006 00:00:00,https://content.fantacalcio.it/web/campioncini/20/card/6980.png?v=334,0,0.0,0.0
6722,Gronbaek,Albert Gronbaek,C,W;T,12,12,12,12,Genoa,37,40,destro,Danimarca,23/05/2001 00:00:00,https://content.fantacalcio.it/web/campioncini/20/card/6722.png?v=334,0,5.5,5.5
6106,Carboni V.,Valentin Carboni,C,T;A,11,11,11,11,Genoa,29,29,sinistro,Argentina;Italia,05/03/2005 00:00:00,https://content.fantacalcio.it/web/campioncini/20/card/6106.png?v=334,0,6.0,6.0
6822,Ekhator,Jeff Ekhator,A,A,1,1,1,1,Genoa,3,3,destro,Italia;Nigeria,11/11/2006 00:00:00,https://content.fantacalcio.it/web/campioncini/20/card/6822.png?v=334,0,5.5,5.0
5506,Ekuban,Caleb Ekuban,A,A,2,2,2,2,Genoa,5,5,destro,Ghana;Italia,23/03/1994 00:00:00,https://content.fantacalcio.it/web/campioncini/20/card/5506.png?v=334,0,0.0,0.0
4923,Colombo,Lorenzo Colombo,A,Pc,12,12,11,11,Genoa,43,40,sinistro,Italia,08/03/2002 00:00:00,https://content.fantacalcio.it/web/campioncini/20/card/4923.png?v=334,0,5.0,5.0
6164,Vitinha O.,Vitinha Carvalho Olivera,A,Pc,12,12,11,11,Genoa,31,28,destro,Portogallo,15/03/2000 00:00:00,https://content.fantacalcio.it/web/campioncini/20/card/6164.png?v=334,0,0.0,0.0
1926,Di Gennaro,Raffaele Di Gennaro,P,Por,1,1,1,1,Inter,1,1,destro,Italia,03/10/1993 00:00:00,https://content.fantacalcio.it/web/campioncini/20/card/1926.png?v=334,0,0.0,0.0
5116,Martinez Jo.,Josep Martinez,P,Por,2,2,2,2,Inter,5,5,destro,Spagna,27/05/1998 00:00:00,https://content.fantacalcio.it/web/campioncini/20/card/5116.png?v=334,0,0.0,0.0
2428,Sommer,Yann Sommer,P,Por,16,16,16,16,Inter,90,90,destro,Svizzera,17/12/1988 00:00:00,https://content.fantacalcio.it/web/campioncini/20/card/2428.png?v=334,0,0.0,0.0
513,Acerbi,Francesco Acerbi,D,Dc,9,9,9,9,Inter,26,26,sinistro,Italia,10/02/1988 00:00:00,https://content.fantacalcio.it/web/campioncini/20/card/513.png?v=334,0,0.0,0.0
2120,Bastoni,Alessandro Bastoni,D,Dc,16,16,16,16,Inter,78,78,sinistro,Italia,13/04/1999 00:00:00,https://content.fantacalcio.it/web/campioncini/20/card/2120.png?v=334,0,0.0,0.0
6217,Bisseck,Yann Bisseck,D,Dc,9,9,9,9,Inter,21,21,destro,Germania;Camerun,29/11/2000 00:00:00,https://content.fantacalcio.it/web/campioncini/20/card/6217.png?v=334,0,0.0,0.0
322,De Vrij,Stefan De Vrij,D,Dc,9,9,9,9,Inter,20,20,destro,Olanda,05/02/1992 00:00:00,https://content.fantacalcio.it/web/campioncini/20/card/322.png?v=334,0,0.0,0.0
4177,Pavard,Benjamin Pavard,D,Dd;Dc,8,8,9,9,Inter,23,25,destro,Francia,28/03/1996 00:00:00,https://content.fantacalcio.it/web/campioncini/20/card/4177.png?v=334,0,0.0,0.0
2525,Darmian,Matteo Darmian,D,B;Dd;E,4,4,5,5,Inter,14,16,destro,Italia,02/12/1989 00:00:00,https://content.fantacalcio.it/web/campioncini/20/card/2525.png?v=334,0,0.0,0.0
5877,Carlos Augusto,Carlos Augusto,D,B;Ds;E,10,10,11,11,Inter,31,35,sinistro,Brasile,07/01/1999 00:00:00,https://content.fantacalcio.it/web/campioncini/20/card/5877.png?v=334,0,0.0,0.0
254,Dimarco,Federico Dimarco,D,E,19,19,18,18,Inter,96,90,sinistro,Italia,10/11/1997 00:00:00,https://content.fantacalcio.it/web/campioncini/20/card/254.png?v=334,0,0.0,0.0
5513,Dumfries,Denzel Dumfries,D,E,20,20,19,19,Inter,100,94,destro,Olanda;Aruba,18/04/1996 00:00:00,https://content.fantacalcio.it/web/campioncini/20/card/5513.png?v=334,0,0.0,0.0
5301,Luis Henrique,Luis Henrique,C,E;W,7,7,7,7,Inter,14,15,destro,Brasile,14/12/2001 00:00:00,https://content.fantacalcio.it/web/campioncini/20/card/5301.png?v=334,0,0.0,0.0
5422,Zalewski,Nicola Zalewski,C,E;W,6,6,6,6,Atalanta,22,25,destro,Polonia,23/01/2002 00:00:00,https://content.fantacalcio.it/web/campioncini/20/card/5422.png?v=334,0,0.0,0.0
5719,Asllani,Kristjan Asllani,C,M;C,4,4,4,4,Inter,9,9,destro,Albania,09/03/2002 00:00:00,https://content.fantacalcio.it/web/campioncini/20/card/5719.png?v=334,0,0.0,0.0
2194,Calhanoglu,Hakan Calhanoglu,C,M;C,23,23,24,24,Inter,151,161,destro,Turchia;Germania,08/02/1994 00:00:00,https://content.fantacalcio.it/web/campioncini/20/card/2194.png?v=334,0,0.0,0.0
1870,Barella,Nicolò Barella,C,C,14,14,14,14,Inter,58,58,destro,Italia,07/02/1997 00:00:00,https://content.fantacalcio.it/web/campioncini/20/card/1870.png?v=334,0,0.0,0.0
7070,Sucic P.,Petar Sucic,C,C,9,9,9,9,Inter,24,24,destro,Croazia;Bosnia Erzegovina,25/10/2003 00:00:00,https://content.fantacalcio.it/web/campioncini/20/card/7070.png?v=334,0,0.0,0.0
2529,Mkhitaryan,Henrikh Mkhitaryan,C,C;T,9,9,9,9,Inter,33,33,ambidestro,Armenia,21/01/1989 00:00:00,https://content.fantacalcio.it/web/campioncini/20/card/2529.png?v=334,0,0.0,0.0
2848,Frattesi,Davide Frattesi,C,C;T,14,14,14,14,Inter,47,47,destro,Italia,22/09/1999 00:00:00,https://content.fantacalcio.it/web/campioncini/20/card/2848.png?v=334,0,0.0,0.0
152,Zielinski,Piotr Zielinski,C,C;T,4,4,4,4,Inter,12,12,destro,Polonia,20/05/1994 00:00:00,https://content.fantacalcio.it/web/campioncini/20/card/152.png?v=334,0,0.0,0.0
4463,Esposito Se.,Sebastiano Esposito,A,A,7,7,7,7,Cagliari,70,70,destro,Italia,02/07/2002 00:00:00,https://content.fantacalcio.it/web/campioncini/20/card/4463.png?v=334,0,0.0,0.0
6669,Bonny,Ange-Yoan Bonny,A,Pc,5,5,5,5,Inter,27,24,destro,Francia;Costa d''Avorio,25/10/2003 00:00:00,https://content.fantacalcio.it/web/campioncini/20/card/6669.png?v=334,0,0.0,0.0
7071,Esposito F.P.,Francesco Pio Esposito,A,Pc,7,7,7,7,Inter,18,15,destro,Italia,28/06/2005 00:00:00,https://content.fantacalcio.it/web/campioncini/20/card/7071.png?v=334,0,0.0,0.0
2764,Martinez L.,Lautaro Martinez,A,Pc,34,34,34,34,Inter,380,380,destro,Argentina,22/08/1997 00:00:00,https://content.fantacalcio.it/web/campioncini/20/card/2764.png?v=334,0,0.0,0.0
6628,Taremi,Mehdi Taremi,A,Pc,4,4,3,3,Inter,5,4,destro,Iran,18/07/1992 00:00:00,https://content.fantacalcio.it/web/campioncini/20/card/6628.png?v=334,0,0.0,0.0
4871,Thuram,Marcus Thuram,A,Pc,29,29,29,29,Inter,310,310,destro,Francia;Guadalupe,06/08/1997 00:00:00,https://content.fantacalcio.it/web/campioncini/20/card/4871.png?v=334,0,0.0,0.0
5876,Di Gregorio,Michele Di Gregorio,P,Por,16,16,16,16,Juventus,83,83,destro,Italia,27/07/1997 00:00:00,https://content.fantacalcio.it/web/campioncini/20/card/5876.png?v=334,0,0.0,0.0
218,Perin,Mattia Perin,P,Por,1,1,1,1,Juventus,2,2,destro,Italia,10/11/1992 00:00:00,https://content.fantacalcio.it/web/campioncini/20/card/218.png?v=334,0,0.0,0.0
1930,Pinsoglio,Carlo Pinsoglio,P,Por,1,1,1,1,Juventus,1,1,sinistro,Italia,16/03/1990 00:00:00,https://content.fantacalcio.it/web/campioncini/20/card/1930.png?v=334,0,0.0,0.0
2788,Bremer,Gleison Bremer,D,Dc,13,13,13,13,Juventus,44,44,destro,Brasile,18/03/1997 00:00:00,https://content.fantacalcio.it/web/campioncini/20/card/2788.png?v=334,0,0.0,0.0
5831,Gatti,Federico Gatti,D,Dc,8,8,8,8,Juventus,13,13,destro,Italia,24/06/1998 00:00:00,https://content.fantacalcio.it/web/campioncini/20/card/5831.png?v=334,0,0.0,0.0
294,Rugani,Daniele Rugani,D,Dc,3,3,3,3,Juventus,5,5,destro,Italia,29/07/1994 00:00:00,https://content.fantacalcio.it/web/campioncini/20/card/294.png?v=334,0,0.0,0.0
4976,Kalulu,Pierre Kalulu,D,Dd;Dc,9,9,10,10,Juventus,24,26,destro,Francia;Repubblica Democratica del Congo,05/06/2000 00:00:00,https://content.fantacalcio.it/web/campioncini/20/card/4976.png?v=334,0,0.0,0.0
6766,Kelly L.,Lloyd Kelly,D,Ds;Dc,7,7,8,8,Juventus,14,17,sinistro,Inghilterra,06/10/1998 00:00:00,https://content.fantacalcio.it/web/campioncini/20/card/6766.png?v=334,0,0.0,0.0
6802,Savona,Nicolò Savona,D,B;Dd;E,3,3,4,4,Juventus,9,11,destro,Italia,12/03/2003 00:00:00,https://content.fantacalcio.it/web/campioncini/20/card/6802.png?v=334,0,0.0,0.0
6039,Cabal,Juan Cabal,D,B;Ds;E,5,5,5,5,Juventus,10,11,sinistro,Colombia,08/01/2001 00:00:00,https://content.fantacalcio.it/web/campioncini/20/card/6039.png?v=334,0,0.0,0.0
6803,Rouhi,Jonas Rouhi,D,Ds;E,1,1,1,1,Juventus,4,4,sinistro,Svezia;Marocco,07/01/2004 00:00:00,https://content.fantacalcio.it/web/campioncini/20/card/6803.png?v=334,0,0.0,0.0
5520,Cambiaso,Andrea Cambiaso,D,E,15,15,14,14,Juventus,63,60,sinistro,Italia,20/02/2000 00:00:00,https://content.fantacalcio.it/web/campioncini/20/card/5520.png?v=334,0,0.0,0.0
7175,Joao Mario,Joao Mario Neto Lopes,D,E,8,8,7,7,Juventus,18,16,destro,Portogallo,03/01/2000 00:00:00,https://content.fantacalcio.it/web/campioncini/20/card/7175.png?v=334,0,0.0,0.0
4711,Kostic,Filip Kostic,C,E;W,4,4,5,5,Juventus,7,8,sinistro,Serbia,01/11/1992 00:00:00,https://content.fantacalcio.it/web/campioncini/20/card/4711.png?v=334,0,0.0,0.0
4662,Weah,Timothy Weah,C,E;W,7,7,7,7,Juventus,5,5,destro,Stati Uniti;Francia,22/02/2000 00:00:00,https://content.fantacalcio.it/web/campioncini/20/card/4662.png?v=334,1,0.0,0.0
827,Locatelli,Manuel Locatelli,C,M;C,12,12,13,13,Juventus,50,55,destro,Italia,08/01/1998 00:00:00,https://content.fantacalcio.it/web/campioncini/20/card/827.png?v=334,0,0.0,0.0
4973,McKennie,Weston McKennie,C,M;C,10,10,11,11,Juventus,14,19,destro,Stati Uniti,28/08/1998 00:00:00,https://content.fantacalcio.it/web/campioncini/20/card/4973.png?v=334,0,0.0,0.0
5562,Thuram K.,Khephren Thuram,C,M;C,16,16,17,17,Juventus,63,73,destro,Francia;Guadalupa,26/03/2001 00:00:00,https://content.fantacalcio.it/web/campioncini/20/card/5562.png?v=334,0,0.0,0.0
4911,Douglas Luiz,Douglas Luiz,C,C,3,3,3,3,Juventus,6,6,destro,Brasile,09/05/1998 00:00:00,https://content.fantacalcio.it/web/campioncini/20/card/4911.png?v=334,1,0.0,0.0
5813,Miretti,Fabio Miretti,C,C;T,5,5,5,5,Juventus,9,9,destro,Italia,03/08/2003 00:00:00,https://content.fantacalcio.it/web/campioncini/20/card/5813.png?v=334,0,0.0,0.0
5685,Koopmeiners,Teun Koopmeiners,C,C;T,14,14,14,14,Juventus,37,37,sinistro,Olanda,28/02/1998 00:00:00,https://content.fantacalcio.it/web/campioncini/20/card/5685.png?v=334,0,0.0,0.0
6884,Conceicao,Francisco Conceicao,C,W;A,18,18,17,17,Juventus,88,88,sinistro,Portogallo,14/12/2002 00:00:00,https://content.fantacalcio.it/web/campioncini/20/card/6884.png?v=334,0,0.0,0.0
4179,Gonzalez N.,Nicolas Ivan Gonzalez,A,W;A,12,12,12,12,Juventus,28,31,sinistro,Argentina,06/04/1998 00:00:00,https://content.fantacalcio.it/web/campioncini/20/card/4179.png?v=334,0,0.0,0.0
6434,Yildiz,Kenan Yildiz,A,A,24,24,25,25,Juventus,237,237,ambidestro,Turchia;Germania,04/05/2005 00:00:00,https://content.fantacalcio.it/web/campioncini/20/card/6434.png?v=334,0,0.0,0.0
5544,David,Jonathan David,A,Pc,27,27,27,27,Juventus,278,278,ambidestro,Canada;Stati Uniti,14/01/2000 00:00:00,https://content.fantacalcio.it/web/campioncini/20/card/5544.png?v=334,0,0.0,0.0
2012,Milik,Arkadiusz Milik,A,Pc,1,1,1,1,Juventus,5,3,sinistro,Polonia,28/02/1994 00:00:00,https://content.fantacalcio.it/web/campioncini/20/card/2012.png?v=334,0,0.0,0.0
2841,Vlahovic,Dusan Vlahovic,A,Pc,24,24,24,24,Juventus,99,96,sinistro,Serbia,28/01/2000 00:00:00,https://content.fantacalcio.it/web/campioncini/20/card/2841.png?v=334,0,0.0,0.0
6417,Furlanetto,Alessio Furlanetto,P,Por,1,1,1,1,Lazio,1,1,destro,Italia,07/02/2002 00:00:00,https://content.fantacalcio.it/web/campioncini/20/card/6417.png?v=334,0,0.0,0.0
6482,Mandas,Christos Mandas,P,Por,3,3,3,3,Lazio,12,12,destro,Grecia,17/09/2001 00:00:00,https://content.fantacalcio.it/web/campioncini/20/card/6482.png?v=334,0,0.0,0.0
2814,Provedel,Ivan Provedel,P,Por,12,12,12,12,Lazio,54,54,destro,Italia,17/03/1994 00:00:00,https://content.fantacalcio.it/web/campioncini/20/card/2814.png?v=334,0,0.0,0.0
5899,Gigot,Samuel Gigot,D,Dc,4,4,4,4,Lazio,7,7,destro,Francia,12/10/1993 00:00:00,https://content.fantacalcio.it/web/campioncini/20/card/5899.png?v=334,0,0.0,0.0
5833,Gila,Mario Gila,D,Dc,9,9,9,9,Lazio,20,20,destro,Spagna,29/08/2000 00:00:00,https://content.fantacalcio.it/web/campioncini/20/card/5833.png?v=334,0,0.0,0.0
460,Romagnoli,Alessio Romagnoli,D,Dc,8,8,8,8,Lazio,22,22,sinistro,Italia,12/01/1995 00:00:00,https://content.fantacalcio.it/web/campioncini/20/card/460.png?v=334,0,0.0,0.0
7012,Provstgaard,Oliver Provstgaard,D,Dc,3,3,3,3,Lazio,5,5,sinistro,Danimarca,04/06/2003 00:00:00,https://content.fantacalcio.it/web/campioncini/20/card/7012.png?v=334,0,0.0,0.0
327,Patric,Patric Gabarron,D,Dd;Dc,4,4,4,4,Lazio,7,8,destro,Spagna,17/04/1993 00:00:00,https://content.fantacalcio.it/web/campioncini/20/card/327.png?v=334,0,0.0,0.0
2263,Lazzari,Manuel Lazzari,D,Dd;E,4,4,4,4,Lazio,11,11,destro,Italia,29/11/1993 00:00:00,https://content.fantacalcio.it/web/campioncini/20/card/2263.png?v=334,0,0.0,0.0
2728,Pellegrini Lu.,Luca Pellegrini,D,Ds;E,3,3,3,3,Lazio,8,8,sinistro,Italia,07/03/1999 00:00:00,https://content.fantacalcio.it/web/campioncini/20/card/2728.png?v=334,0,0.0,0.0
5620,Tavares N.,Nuno Tavares,D,Ds;E,12,12,12,12,Lazio,49,49,sinistro,Portogallo;Capo Verde,26/01/2000 00:00:00,https://content.fantacalcio.it/web/campioncini/20/card/5620.png?v=334,0,0.0,0.0
140,Hysaj,Elseid Hysaj,D,Dd;Ds;E,3,3,3,3,Lazio,6,6,destro,Albania,20/02/1994 00:00:00,https://content.fantacalcio.it/web/campioncini/20/card/140.png?v=334,0,0.0,0.0
2188,Marusic,Adam Marusic,D,Dd;Ds;E,8,8,9,9,Lazio,23,26,destro,Montenegro;Serbia,17/10/1992 00:00:00,https://content.fantacalcio.it/web/campioncini/20/card/2188.png?v=334,0,0.0,0.0
6191,Belahyane,Reda Belahyane,C,M;C,4,4,4,4,Lazio,5,6,destro,Francia;Marocco,01/06/2004 00:00:00,https://content.fantacalcio.it/web/campioncini/20/card/6191.png?v=334,0,0.0,0.0
333,Cataldi,Danilo Cataldi,C,M;C,5,5,5,5,Lazio,7,8,destro,Italia,06/08/1994 00:00:00,https://content.fantacalcio.it/web/campioncini/20/card/333.png?v=334,0,0.0,0.0
4459,Rovella,Nicolò Rovella,C,M;C,8,8,9,9,Lazio,22,24,destro,Italia,04/12/2001 00:00:00,https://content.fantacalcio.it/web/campioncini/20/card/4459.png?v=334,0,0.0,0.0
181,Vecino,Matias Vecino,C,M;C,6,6,6,6,Lazio,14,15,destro,Uruguay;Italia,24/08/1991 00:00:00,https://content.fantacalcio.it/web/campioncini/20/card/181.png?v=334,0,0.0,0.0
5674,Basic,Toma Basic,C,C,1,1,1,1,Lazio,1,1,sinistro,Croazia,25/11/1996 00:00:00,https://content.fantacalcio.it/web/campioncini/20/card/5674.png?v=334,0,0.0,0.0
4186,Guendouzi,Matteo Guendouzi,C,C,11,11,11,11,Lazio,23,23,sinistro,Francia;Marocco,14/04/1999 00:00:00,https://content.fantacalcio.it/web/campioncini/20/card/4186.png?v=334,0,0.0,0.0
6629,Dele-Bashiru,Fisayo Dele-Bashiru,C,C;T,11,11,11,11,Lazio,33,33,destro,Nigeria;Inghilterra,06/02/2001 00:00:00,https://content.fantacalcio.it/web/campioncini/20/card/6629.png?v=334,0,0.0,0.0
6398,Isaksen,Gustav Isaksen,C,W;A,14,14,14,14,Lazio,45,45,ambidestro,Danimarca,19/04/2001 00:00:00,https://content.fantacalcio.it/web/campioncini/20/card/6398.png?v=334,0,0.0,0.0
632,Zaccagni,Mattia Zaccagni,C,W;A,26,26,25,25,Lazio,205,205,destro,Italia,16/06/1995 00:00:00,https://content.fantacalcio.it/web/campioncini/20/card/632.png?v=334,0,0.0,0.0
5500,Cancellieri,Matteo Cancellieri,A,W;A,3,3,3,3,Lazio,9,9,sinistro,Italia,12/02/2002 00:00:00,https://content.fantacalcio.it/web/campioncini/20/card/5500.png?v=334,0,0.0,0.0
6556,Noslin,Tijjani Noslin,A,A,7,7,7,7,Lazio,9,9,destro,Olanda,07/07/1999 00:00:00,https://content.fantacalcio.it/web/campioncini/20/card/6556.png?v=334,0,0.0,0.0
2489,Pedro,Pedro,A,A,13,13,13,13,Lazio,45,45,ambidestro,Spagna,28/07/1987 00:00:00,https://content.fantacalcio.it/web/campioncini/20/card/2489.png?v=334,0,0.0,0.0
6226,Castellanos,Taty Castellanos,A,Pc,21,21,21,21,Lazio,161,161,destro,Argentina,03/10/1998 00:00:00,https://content.fantacalcio.it/web/campioncini/20/card/6226.png?v=334,0,0.0,0.0
5672,Dia,Boulaye Dia,A,Pc,20,20,20,20,Lazio,112,112,destro,Senegal;Francia,16/11/1996 00:00:00,https://content.fantacalcio.it/web/campioncini/20/card/5672.png?v=334,0,0.0,0.0
2134,Falcone,Wladimiro Falcone,P,Por,6,6,6,6,Lecce,14,14,destro,Italia,12/04/1995 00:00:00,https://content.fantacalcio.it/web/campioncini/20/card/2134.png?v=334,0,7.0,7.0
2401,Fruchtl,Christian Fruchtl,P,Por,1,1,1,1,Lecce,1,1,sinistro,Germania,28/01/2000 00:00:00,https://content.fantacalcio.it/web/campioncini/20/card/2401.png?v=334,0,0.0,0.0
6523,Samooja,Jasper Samooja,P,Por,1,1,1,1,Lecce,1,1,destro,Finlandia,21/07/2003 00:00:00,https://content.fantacalcio.it/web/campioncini/20/card/6523.png?v=334,0,0.0,0.0
5835,Baschirotto,Federico  Baschirotto,D,Dc,8,8,8,8,Cremonese,18,18,destro,Italia,02/09/1996 00:00:00,https://content.fantacalcio.it/web/campioncini/20/card/5835.png?v=334,0,8.0,11.0
6632,Gaspar K.,Kialonda Gaspar,D,Dc,8,8,8,8,Lecce,19,19,destro,Angola,27/09/1997 00:00:00,https://content.fantacalcio.it/web/campioncini/20/card/6632.png?v=334,0,6.5,6.5
6883,Jean,Gaby Jean,D,Dc,3,3,3,3,Lecce,3,3,sinistro,Francia,19/02/2000 00:00:00,https://content.fantacalcio.it/web/campioncini/20/card/6883.png?v=334,0,0.0,0.0
6989,Tiago Gabriel,Tiago Gabriel,D,Dc,1,1,1,1,Lecce,2,2,destro,Portogallo,26/12/2004 00:00:00,https://content.fantacalcio.it/web/campioncini/20/card/6989.png?v=334,0,6.5,6.5
7164,Perez M.,Matias Perez,D,Dd;Dc,1,1,1,1,Lecce,1,1,destro,Cile,13/04/2005 00:00:00,https://content.fantacalcio.it/web/campioncini/20/card/7164.png?v=334,0,0.0,0.0
7136,Kouassi,Christ-Owen Kouassi,D,Dd;Dc,4,4,5,5,Lecce,10,12,destro,Francia;Costa d''Avorio,15/04/2003 00:00:00,https://content.fantacalcio.it/web/campioncini/20/card/7136.png?v=334,0,6.0,6.0
6990,Veiga D.,Danilo Veiga,D,Dd;E,1,1,1,1,Lecce,2,2,destro,Portogallo;Brasile,25/09/2002 00:00:00,https://content.fantacalcio.it/web/campioncini/20/card/6990.png?v=334,0,6.0,5.5
4502,Gallo,Antonino Gallo,D,Ds;E,5,5,5,5,Lecce,15,15,sinistro,Italia,05/01/2000 00:00:00,https://content.fantacalcio.it/web/campioncini/20/card/4502.png?v=334,0,6.5,6.5
7182,Ndaba,Corrie Ndaba,D,Ds;E,1,1,1,1,Lecce,2,2,sinistro,Irlanda;Ghana,25/12/1999 00:00:00,https://content.fantacalcio.it/web/campioncini/20/card/7182.png?v=334,0,0.0,0.0
5504,Coulibaly L.,Lassana Coulibaly,C,M;C,7,7,8,8,Lecce,14,16,destro,Mali,10/04/1996 00:00:00,https://content.fantacalcio.it/web/campioncini/20/card/5504.png?v=334,0,6.5,6.5
6410,Kaba,Mohamed Kaba,C,M;C,1,1,1,1,Lecce,2,2,destro,Francia;Guinea,27/10/2001 00:00:00,https://content.fantacalcio.it/web/campioncini/20/card/6410.png?v=334,0,6.0,6.0
5457,Maleh,Youssef Maleh,C,M;C,6,6,7,7,Lecce,6,8,sinistro,Italia;Marocco,22/08/1998 00:00:00,https://content.fantacalcio.it/web/campioncini/20/card/5457.png?v=334,0,0.0,0.0
6633,Pierret,Balthazar Pierret,C,M;C,6,6,7,7,Lecce,12,13,sinistro,Francia,15/05/2000 00:00:00,https://content.fantacalcio.it/web/campioncini/20/card/6633.png?v=334,0,0.0,0.0
6394,Ramadani,Ylber Ramadani,C,M;C,6,6,7,7,Lecce,11,12,destro,Albania;Kosovo,12/04/1996 00:00:00,https://content.fantacalcio.it/web/campioncini/20/card/6394.png?v=334,0,6.0,6.0
6015,Berisha M.,Medon Berisha,C,C;T,3,3,3,3,Lecce,7,7,destro,Svizzera;Kosovo,21/10/2003 00:00:00,https://content.fantacalcio.it/web/campioncini/20/card/6015.png?v=334,0,5.5,5.5
5872,Helgason,Thorir Johann Helgason,C,C;T,8,8,8,8,Lecce,24,24,destro,Islanda,28/09/2000 00:00:00,https://content.fantacalcio.it/web/campioncini/20/card/5872.png?v=334,0,0.0,0.0
6222,Rafia,Hamza Rafia,C,C;T,3,3,3,3,Lecce,7,7,destro,Tunisia;Francia,02/04/1999 00:00:00,https://content.fantacalcio.it/web/campioncini/20/card/6222.png?v=334,0,0.0,0.0
6634,Tete Morente,Tete Morente,C,W,9,9,8,8,Lecce,19,17,destro,Spagna,04/12/1996 00:00:00,https://content.fantacalcio.it/web/campioncini/20/card/6634.png?v=334,0,5.5,5.0
6645,Marchwinski,Filip Marchwinski,C,T,1,1,1,1,Lecce,2,2,ambidestro,Polonia,10/01/2002 00:00:00,https://content.fantacalcio.it/web/campioncini/20/card/6645.png?v=334,0,0.0,0.0
6549,Pierotti,Santiago Pierotti,C,W;A,10,10,9,9,Lecce,20,18,destro,Argentina;Italia,03/04/2001 00:00:00,https://content.fantacalcio.it/web/campioncini/20/card/6549.png?v=334,0,0.0,0.0
6001,Banda,Lameck Banda,A,W;A,5,5,5,5,Lecce,12,15,destro,Zambia,29/01/2001 00:00:00,https://content.fantacalcio.it/web/campioncini/20/card/6001.png?v=334,0,5.5,5.0
7001,N'Dri,Konan N'Dri,A,W;A,5,5,5,5,Lecce,8,8,sinistro,Costa D''Avorio,27/10/2000 00:00:00,https://content.fantacalcio.it/web/campioncini/20/card/7001.png?v=334,0,0.0,0.0
6519,Camarda,Francesco Camarda,A,Pc,12,12,12,12,Lecce,30,30,sinistro,Italia,10/03/2008 00:00:00,https://content.fantacalcio.it/web/campioncini/20/card/6519.png?v=334,0,5.0,5.0
6435,Krstovic,Nikola Krstovic,A,Pc,20,20,20,20,Atalanta,148,148,destro,Serbia;Montenegro,05/04/2000 00:00:00,https://content.fantacalcio.it/web/campioncini/20/card/6435.png?v=334,0,0.0,0.0
4312,Maignan,Mike Maignan,P,Por,16,16,16,16,Milan,81,81,destro,Francia;Guyana Francese,03/07/1995 00:00:00,https://content.fantacalcio.it/web/campioncini/20/card/4312.png?v=334,0,6.0,4.0
2815,Terracciano,Pietro Terracciano,P,Por,1,1,1,1,Milan,1,1,destro,Italia,08/03/1990 00:00:00,https://content.fantacalcio.it/web/campioncini/20/card/2815.png?v=334,0,0.0,0.0
6813,Torriani,Lorenzo Torriani,P,Por,1,1,1,1,Milan,1,1,destro,Italia,31/01/2005 00:00:00,https://content.fantacalcio.it/web/campioncini/20/card/6813.png?v=334,0,0.0,0.0
4401,Gabbia,Matteo Gabbia,D,Dc,6,6,6,6,Milan,16,16,destro,Italia,21/10/1999 00:00:00,https://content.fantacalcio.it/web/campioncini/20/card/4401.png?v=334,0,6.0,6.0
5022,Pavlovic,Strahinja Pavlovic,D,Dc,7,7,7,7,Milan,21,21,sinistro,Serbia,24/05/2001 00:00:00,https://content.fantacalcio.it/web/campioncini/20/card/5022.png?v=334,0,6.5,9.5
6055,Thiaw,Malick Thiaw,D,Dc,4,4,4,4,Milan,8,8,destro,Germania;Finlandia,08/08/2001 00:00:00,https://content.fantacalcio.it/web/campioncini/20/card/6055.png?v=334,1,0.0,0.0
4751,Tomori,Fikayo Tomori,D,Dc,8,8,8,8,Milan,25,25,destro,Inghilterra;Canada,19/12/1997 00:00:00,https://content.fantacalcio.it/web/campioncini/20/card/4751.png?v=334,0,6.0,6.0
6496,Bartesaghi,Davide Bartesaghi,D,Ds;E,3,3,3,3,Milan,5,5,sinistro,Italia,29/12/2005 00:00:00,https://content.fantacalcio.it/web/campioncini/20/card/6496.png?v=334,0,0.0,0.0
5273,Estupinan,Pervis Estupinan,D,Ds;E,11,11,11,11,Milan,37,37,sinistro,Ecuador;Spagna,21/01/1998 00:00:00,https://content.fantacalcio.it/web/campioncini/20/card/5273.png?v=334,0,6.0,7.0
6531,Jimenez A.,Alex Jimenez,D,Dd;Ds;E,5,5,6,6,Milan,18,19,destro,Spagna,08/05/2005 00:00:00,https://content.fantacalcio.it/web/campioncini/20/card/6531.png?v=334,0,5.5,5.0
5812,Terracciano F.,Filippo Terracciano,D,Dd;Ds;E,2,2,2,2,Cremonese,3,4,destro,Italia,08/02/2003 00:00:00,https://content.fantacalcio.it/web/campioncini/20/card/5812.png?v=334,0,6.5,6.0
4892,Saelemaekers,Alexis Saelemaekers,C,E;W,12,12,14,14,Milan,35,40,destro,Belgio,27/06/1999 00:00:00,https://content.fantacalcio.it/web/campioncini/20/card/4892.png?v=334,0,6.0,6.0
5992,Bondo,Warren Bondo,C,M;C,3,3,3,3,Cremonese,18,23,destro,Francia;Repubblica Democratica del Congo,15/09/2003 00:00:00,https://content.fantacalcio.it/web/campioncini/20/card/5992.png?v=334,0,6.0,5.5
4686,Fofana Y.,Youssouf Fofana,C,M;C,11,11,12,12,Milan,34,39,destro,Francia;Mali,10/01/1999 00:00:00,https://content.fantacalcio.it/web/campioncini/20/card/4686.png?v=334,0,5.0,5.0
5453,Ricci S.,Samuele Ricci,C,M;C,10,10,11,11,Milan,25,30,destro,Italia,21/08/2001 00:00:00,https://content.fantacalcio.it/web/campioncini/20/card/5453.png?v=334,0,0.0,0.0
2606,Modric,Luka Modric,C,C,12,12,12,12,Milan,40,40,ambidestro,Croazia,09/09/1985 00:00:00,https://content.fantacalcio.it/web/campioncini/20/card/2606.png?v=334,0,6.5,6.5
5295,Musah,Junus Musah,C,C;W,6,6,6,6,Milan,9,9,destro,Inghilterra;Ghana,29/11/2002 00:00:00,https://content.fantacalcio.it/web/campioncini/20/card/5295.png?v=334,0,0.0,0.0
4199,Loftus-Cheek,Ruben Loftus-Cheek,C,C;T,8,8,8,8,Milan,16,16,destro,Inghilterra;Giamaica,23/01/1996 00:00:00,https://content.fantacalcio.it/web/campioncini/20/card/4199.png?v=334,0,5.5,5.5
4856,Chukwueze,Samuel Chukwueze,C,W,4,4,3,3,Milan,11,9,sinistro,Nigeria,22/05/1999 00:00:00,https://content.fantacalcio.it/web/campioncini/20/card/4856.png?v=334,0,5.5,5.5
6678,Liberali,Mattia Liberali,C,W;T,1,1,1,1,Milan,1,1,sinistro,Italia,06/04/2007 00:00:00,https://content.fantacalcio.it/web/campioncini/20/card/6678.png?v=334,1,0.0,0.0
2423,Pulisic,Christian Pulisic,C,T;A,28,28,28,28,Milan,216,216,destro,Stati Uniti;Croazia,18/09/1998 00:00:00,https://content.fantacalcio.it/web/campioncini/20/card/2423.png?v=334,0,6.0,6.0
4510,Leao,Rafael Leao,A,A,24,24,24,24,Milan,242,242,destro,Portogallo;Angola,10/06/1999 00:00:00,https://content.fantacalcio.it/web/campioncini/20/card/4510.png?v=334,0,0.0,0.0
6227,Okafor,Noah Okafor,A,A,4,4,4,4,Milan,5,5,destro,Svizzera;Nigeria,24/05/2000 00:00:00,https://content.fantacalcio.it/web/campioncini/20/card/6227.png?v=334,1,0.0,0.0
7008,Gimenez,Santiago Gimenez,A,Pc,25,25,25,25,Milan,216,216,sinistro,Messico;Italia,18/04/2001 00:00:00,https://content.fantacalcio.it/web/campioncini/20/card/7008.png?v=334,0,5.0,5.0
2845,Contini,Nikita Contini,P,Por,1,1,1,1,Napoli,1,1,destro,Italia;Ucraina,21/05/1996 00:00:00,https://content.fantacalcio.it/web/campioncini/20/card/2845.png?v=334,0,0.0,0.0
572,Meret,Alex Meret,P,Por,16,16,16,16,Napoli,92,92,sinistro,Italia,22/03/1997 00:00:00,https://content.fantacalcio.it/web/campioncini/20/card/572.png?v=334,0,6.0,6.0
2170,Milinkovic-Savic V.,Vanja Milinkovic-Savic,P,Por,4,4,4,4,Napoli,11,11,destro,Serbia;Spagna,20/02/1997 00:00:00,https://content.fantacalcio.it/web/campioncini/20/card/2170.png?v=334,0,0.0,0.0
6202,Beukema,Sam Beukema,D,Dc,10,10,10,10,Napoli,25,25,destro,Olanda,17/11/1998 00:00:00,https://content.fantacalcio.it/web/campioncini/20/card/6202.png?v=334,0,0.0,0.0
2724,Buongiorno,Alessandro Buongiorno,D,Dc,13,13,13,13,Napoli,44,44,sinistro,Italia,06/06/1999 00:00:00,https://content.fantacalcio.it/web/campioncini/20/card/2724.png?v=334,0,0.0,0.0
6809,Marianucci,Luca Marianucci,D,Dc,3,3,3,3,Napoli,9,9,destro,Italia,23/07/2004 00:00:00,https://content.fantacalcio.it/web/campioncini/20/card/6809.png?v=334,0,0.0,0.0
4409,Rrahmani,Amir Rrahmani,D,Dc,11,11,11,11,Napoli,32,32,ambidestro,Kosovo;Albania,24/02/1994 00:00:00,https://content.fantacalcio.it/web/campioncini/20/card/4409.png?v=334,0,6.5,6.5
256,Juan Jesus,Juan Jesus,D,Ds;Dc,3,3,3,3,Napoli,5,5,sinistro,Brasile;Italia,10/06/1991 00:00:00,https://content.fantacalcio.it/web/campioncini/20/card/256.png?v=334,0,6.5,6.5
2816,Di Lorenzo,Giovanni Di Lorenzo,D,Dd;E,14,14,14,14,Napoli,57,57,destro,Italia,04/08/1993 00:00:00,https://content.fantacalcio.it/web/campioncini/20/card/2816.png?v=334,0,6.0,6.0
5527,Zanoli,Alessandro Zanoli,D,Dd;E,3,3,3,3,Napoli,8,8,destro,Italia,03/10/2000 00:00:00,https://content.fantacalcio.it/web/campioncini/20/card/5527.png?v=334,0,0.0,0.0
5840,Olivera,Mathias Olivera,D,Ds;E,10,10,10,10,Napoli,21,21,sinistro,Uruguay;Spagna,31/10/1997 00:00:00,https://content.fantacalcio.it/web/campioncini/20/card/5840.png?v=334,0,6.0,6.0
1852,Spinazzola,Leonardo Spinazzola,D,Ds;E,7,7,7,7,Napoli,10,18,destro,Italia,25/03/1993 00:00:00,https://content.fantacalcio.it/web/campioncini/20/card/1852.png?v=334,0,0.0,0.0
5481,Mazzocchi,Pasquale Mazzocchi,D,Dd;Ds;E,3,3,3,3,Napoli,5,6,destro,Italia,27/07/1995 00:00:00,https://content.fantacalcio.it/web/campioncini/20/card/5481.png?v=334,0,0.0,0.0
5998,Zerbin,Alessio Zerbin,C,E;W,3,3,3,3,Cremonese,24,24,destro,Italia,03/03/1999 00:00:00,https://content.fantacalcio.it/web/campioncini/20/card/5998.png?v=334,0,7.0,8.0
5131,Gilmour,Billy Gilmour,C,M;C,7,7,7,7,Napoli,12,12,destro,Scozia,11/06/2001 00:00:00,https://content.fantacalcio.it/web/campioncini/20/card/5131.png?v=334,0,0.0,0.0
4287,Lobotka,Stanislav Lobotka,C,M;C,9,9,10,10,Napoli,23,25,ambidestro,Slovacchia,25/11/1994 00:00:00,https://content.fantacalcio.it/web/campioncini/20/card/4287.png?v=334,0,6.0,6.0
4220,Zambo Anguissa,Andrè Zambo Anguissa,C,M;C,15,15,16,16,Napoli,54,59,destro,Camerun,16/11/1995 00:00:00,https://content.fantacalcio.it/web/campioncini/20/card/4220.png?v=334,0,7.0,7.0
4777,McTominay,Scott McTominay,C,C;T,26,26,26,26,Napoli,201,201,destro,Scozia;Inghilterra,08/12/1996 00:00:00,https://content.fantacalcio.it/web/campioncini/20/card/4777.png?v=334,0,7.5,10.5
536,Politano,Matteo Politano,C,W,15,15,14,14,Napoli,55,51,sinistro,Italia,03/08/1993 00:00:00,https://content.fantacalcio.it/web/campioncini/20/card/536.png?v=334,0,7.0,8.0
2517,De Bruyne,Kevin De Bruyne,C,T,23,23,22,22,Napoli,147,147,destro,Belgio,28/06/1991 00:00:00,https://content.fantacalcio.it/web/campioncini/20/card/2517.png?v=334,0,7.0,10.0
6831,Neres,David Neres,C,W;A,13,13,13,13,Napoli,41,41,sinistro,Brasile,03/03/1997 00:00:00,https://content.fantacalcio.it/web/campioncini/20/card/6831.png?v=334,0,6.0,6.0
7120,Lang,Noa Lang,A,A,19,19,20,20,Napoli,82,82,destro,Olanda;Suriname,17/06/1999 00:00:00,https://content.fantacalcio.it/web/campioncini/20/card/7120.png?v=334,0,0.0,0.0
4371,Raspadori,Giacomo Raspadori,A,A,13,13,13,13,Napoli,14,14,ambidestro,Italia,18/02/2000 00:00:00,https://content.fantacalcio.it/web/campioncini/20/card/4371.png?v=334,1,0.0,0.0
6215,Lucca,Lorenzo Lucca,A,Pc,15,15,14,14,Napoli,126,126,destro,Italia,10/09/2000 00:00:00,https://content.fantacalcio.it/web/campioncini/20/card/6215.png?v=334,0,5.5,5.0
2531,Lukaku,Romelu Lukaku,A,Pc,31,31,31,31,Napoli,200,200,sinistro,Belgio;Repubblica Democratica del Congo,13/03/1993 00:00:00,https://content.fantacalcio.it/web/campioncini/20/card/2531.png?v=334,0,0.0,0.0
2061,Simeone,Giovanni Simeone,A,Pc,8,8,7,7,Torino,29,29,destro,Argentina;Spagna,05/07/1995 00:00:00,https://content.fantacalcio.it/web/campioncini/20/card/2061.png?v=334,0,0.0,0.0
6662,Corvi,Edoardo Corvi,P,Por,1,1,1,1,Parma,1,1,destro,Italia,23/03/2001 00:00:00,https://content.fantacalcio.it/web/campioncini/20/card/6662.png?v=334,0,0.0,0.0
5338,Rinaldi,Filippo Rinaldi,P,Por,1,1,1,1,Parma,1,1,destro,Italia,04/12/2002 00:00:00,https://content.fantacalcio.it/web/campioncini/20/card/5338.png?v=334,0,0.0,0.0
6641,Suzuki,Zion Suzuki,P,Por,7,7,7,7,Parma,15,15,destro,Giappone,21/08/2002 00:00:00,https://content.fantacalcio.it/web/campioncini/20/card/6641.png?v=334,0,0.0,0.0
5353,Balogh,Botond Balogh,D,Dc,3,3,3,3,Parma,7,7,destro,Ungheria,06/06/2002 00:00:00,https://content.fantacalcio.it/web/campioncini/20/card/5353.png?v=334,0,0.0,0.0
6663,Circati,Alessandro Circati,D,Dc,5,5,5,5,Parma,13,13,destro,Australia;Italia,10/10/2003 00:00:00,https://content.fantacalcio.it/web/campioncini/20/card/6663.png?v=334,0,0.0,0.0
6887,Leoni,Giovanni Leoni,D,Dc,7,7,7,7,Parma,13,13,destro,Italia,21/12/2006 00:00:00,https://content.fantacalcio.it/web/campioncini/20/card/6887.png?v=334,1,0.0,0.0
5307,Valenti,Lautaro Valenti,D,Dc,4,4,4,4,Parma,9,9,sinistro,Argentina,14/01/1999 00:00:00,https://content.fantacalcio.it/web/campioncini/20/card/5307.png?v=334,0,0.0,0.0
6664,Delprato,Enrico Delprato,D,B;Dd;E,8,8,9,9,Parma,21,24,destro,Italia,10/11/1999 00:00:00,https://content.fantacalcio.it/web/campioncini/20/card/6664.png?v=334,0,0.0,0.0
6821,Hainaut,Antoine Hainaut,D,Dd;E,2,2,2,2,Parma,5,5,destro,Francia,18/02/2002 00:00:00,https://content.fantacalcio.it/web/campioncini/20/card/6821.png?v=334,1,0.0,0.0
6965,Lovik,Mathias Fjortoft Lovik,D,Ds;E,2,2,2,2,Parma,10,10,sinistro,Norvegia,06/12/2003 00:00:00,https://content.fantacalcio.it/web/campioncini/20/card/6965.png?v=334,0,0.0,0.0
5862,Valeri,Emanuele Valeri,D,Ds;E,10,10,10,10,Parma,27,27,sinistro,Italia,07/12/1998 00:00:00,https://content.fantacalcio.it/web/campioncini/20/card/5862.png?v=334,0,0.0,0.0
5290,Estevez,Nahuel Estevez,C,M;C,2,2,2,2,Parma,3,3,destro,Argentina,14/11/1995 00:00:00,https://content.fantacalcio.it/web/campioncini/20/card/5290.png?v=334,0,0.0,0.0
6898,Keita M.,Mandela Keita,C,M;C,6,6,7,7,Parma,10,12,destro,Belgio;Guinea,10/05/2002 00:00:00,https://content.fantacalcio.it/web/campioncini/20/card/6898.png?v=334,0,0.0,0.0
7138,Ordonez C.,Christian Ordonez,C,M;C,5,5,6,6,Parma,13,15,destro,Argentina,24/07/2004 00:00:00,https://content.fantacalcio.it/web/campioncini/20/card/7138.png?v=334,0,0.0,0.0
6666,Bernabè,Adrian Bernabè,C,C,11,11,11,11,Parma,36,36,sinistro,Spagna,26/05/2001 00:00:00,https://content.fantacalcio.it/web/campioncini/20/card/6666.png?v=334,0,0.0,0.0
4423,Hernani,Hernani,C,C,7,7,7,7,Parma,18,18,ambidestro,Brasile,27/03/1994 00:00:00,https://content.fantacalcio.it/web/campioncini/20/card/4423.png?v=334,0,0.0,0.0
5319,Sohm,Simon Sohm,C,C,12,12,12,12,Fiorentina,34,34,destro,Svizzera;Nigeria,11/04/2001 00:00:00,https://content.fantacalcio.it/web/campioncini/20/card/5319.png?v=334,0,0.0,0.0
5393,Man,Dennis Man,C,W;A,11,11,11,11,Parma,15,15,sinistro,Romania,26/08/1998 00:00:00,https://content.fantacalcio.it/web/campioncini/20/card/5393.png?v=334,1,0.0,0.0
6984,Ondrejka,Jacob Ondrejka,C,W;A,13,13,12,12,Parma,15,15,destro,Svezia,02/09/2002 00:00:00,https://content.fantacalcio.it/web/campioncini/20/card/6984.png?v=334,0,0.0,0.0
6207,Almqvist,Pontus Almqvist,A,W;A,4,4,4,4,Parma,14,17,sinistro,Svezia,10/07/1999 00:00:00,https://content.fantacalcio.it/web/campioncini/20/card/6207.png?v=334,0,0.0,0.0
6667,Benedyczak,Adrian Benedyczak,A,A,1,1,1,1,Parma,13,13,ambidestro,Polonia,24/11/2000 00:00:00,https://content.fantacalcio.it/web/campioncini/20/card/6667.png?v=334,0,0.0,0.0
5471,Djuric,Milan Djuric,A,Pc,9,9,8,8,Parma,18,15,destro,Bosnia Erzegovina;Italia,22/05/1990 00:00:00,https://content.fantacalcio.it/web/campioncini/20/card/5471.png?v=334,0,0.0,0.0
7023,Pellegrino M.,Mateo Pellegrino,A,Pc,13,13,12,12,Parma,72,69,sinistro,Argentina;Spagna,22/10/2001 00:00:00,https://content.fantacalcio.it/web/campioncini/20/card/7023.png?v=334,0,0.0,0.0
2271,Nicolas,Nicolas David Andrade,P,Por,1,1,1,1,Pisa,1,1,destro,Brasile;Italia,12/04/1988 00:00:00,https://content.fantacalcio.it/web/campioncini/20/card/2271.png?v=334,0,0.0,0.0
574,Scuffet,Simone Scuffet,P,Por,3,3,3,3,Pisa,5,5,destro,Italia,31/05/1996 00:00:00,https://content.fantacalcio.it/web/campioncini/20/card/574.png?v=334,0,0.0,0.0
2861,Semper,Adrian Semper,P,Por,3,3,3,3,Pisa,7,7,destro,Croazia,12/01/1998 00:00:00,https://content.fantacalcio.it/web/campioncini/20/card/2861.png?v=334,0,0.0,0.0
7139,Canestrelli,Simone Canestrelli,D,Dc,3,3,3,3,Pisa,8,8,destro,Italia,11/09/2000 00:00:00,https://content.fantacalcio.it/web/campioncini/20/card/7139.png?v=334,0,0.0,0.0
2273,Caracciolo A.,Antonio Caracciolo,D,Dc,4,4,4,4,Pisa,8,8,destro,Italia,30/06/1990 00:00:00,https://content.fantacalcio.it/web/campioncini/20/card/2273.png?v=334,0,0.0,0.0
7140,Coppola F.,Francesco Coppola,D,Dc,1,1,1,1,Pisa,4,4,destro,Italia;Cuba,11/04/2005 00:00:00,https://content.fantacalcio.it/web/campioncini/20/card/7140.png?v=334,0,0.0,0.0
6411,Mateus Lusuardi,Mateus Lusuardi,D,Dc,4,4,4,4,Pisa,7,7,sinistro,Brasile,08/01/2004 00:00:00,https://content.fantacalcio.it/web/campioncini/20/card/6411.png?v=334,0,0.0,0.0
7170,Mbambi,Jeremy Kandje Mbambi,D,Dc,1,1,1,1,Pisa,2,2,sinistro,Belgio,04/05/2008 00:00:00,https://content.fantacalcio.it/web/campioncini/20/card/7170.png?v=334,0,0.0,0.0
7141,Rus,Adrian Rus,D,Dd;Dc,2,2,2,2,Pisa,3,4,destro,Romania;Ungheria,18/03/1996 00:00:00,https://content.fantacalcio.it/web/campioncini/20/card/7141.png?v=334,0,0.0,0.0
2745,Calabresi,Arturo Calabresi,D,B;Dd;E,3,3,4,4,Pisa,8,9,destro,Italia,17/03/1996 00:00:00,https://content.fantacalcio.it/web/campioncini/20/card/2745.png?v=334,0,0.0,0.0
7142,Esteves T.,Tomas Esteves,D,Dd;E,1,1,1,1,Pisa,2,2,destro,Portogallo,03/04/2002 00:00:00,https://content.fantacalcio.it/web/campioncini/20/card/7142.png?v=334,0,0.0,0.0
7143,Angori,Samuele Angori,D,Ds;E,5,5,5,5,Pisa,14,14,sinistro,Italia,07/10/2003 00:00:00,https://content.fantacalcio.it/web/campioncini/20/card/7143.png?v=334,0,0.0,0.0
7145,Piccinini G.,Gabriele Piccinini,C,E;M,6,6,7,7,Pisa,9,11,destro,Italia,06/04/2001 00:00:00,https://content.fantacalcio.it/web/campioncini/20/card/7145.png?v=334,0,0.0,0.0
7146,Tourè I.,Idrissa Tourè,C,E;M,6,6,7,7,Pisa,16,19,destro,Germania;Guinea,29/04/1998 00:00:00,https://content.fantacalcio.it/web/campioncini/20/card/7146.png?v=334,0,0.0,0.0
7147,Hojholt,Malthe Hojholt,C,M;C,1,1,1,1,Pisa,2,2,destro,Danimarca,16/04/2001 00:00:00,https://content.fantacalcio.it/web/campioncini/20/card/7147.png?v=334,0,0.0,0.0
7149,Marin M.,Marius Marin,C,M;C,6,6,6,6,Pisa,8,9,destro,Romania,30/08/1998 00:00:00,https://content.fantacalcio.it/web/campioncini/20/card/7149.png?v=334,0,0.0,0.0
7150,Vural,Isak Vural,C,C,3,3,3,3,Pisa,1,1,destro,Turchia;Svezia,28/05/2006 00:00:00,https://content.fantacalcio.it/web/campioncini/20/card/7150.png?v=334,0,0.0,0.0
6593,Akinsanmiro,Ebenezer Akinsanmiro,C,C;T,3,3,3,3,Pisa,13,13,destro,Nigeria,25/11/2004 00:00:00,https://content.fantacalcio.it/web/campioncini/20/card/6593.png?v=334,0,0.0,0.0
2334,Leris,Mehdi Leris,C,W,2,2,2,2,Pisa,3,3,destro,Francia;Algeria,23/05/1998 00:00:00,https://content.fantacalcio.it/web/campioncini/20/card/2334.png?v=334,0,0.0,0.0
7151,Arena,Alessandro Arena,C,W;T,1,1,1,1,Pisa,1,1,sinistro,Italia,03/08/2000 00:00:00,https://content.fantacalcio.it/web/campioncini/20/card/7151.png?v=334,0,0.0,0.0
5318,Tramoni M.,Matteo Tramoni,C,W;T,12,12,12,12,Pisa,42,42,destro,Francia,20/01/2000 00:00:00,https://content.fantacalcio.it/web/campioncini/20/card/5318.png?v=334,0,0.0,0.0
7171,Buffon L.,Louis Buffon,A,A,1,1,1,1,Pisa,1,1,sinistro,Italia;Repubblica Ceca,28/12/2007 00:00:00,https://content.fantacalcio.it/web/campioncini/20/card/7171.png?v=334,0,0.0,0.0
5455,Moreo,Stefano Moreo,A,A,5,5,5,5,Pisa,16,16,destro,Italia,30/06/1993 00:00:00,https://content.fantacalcio.it/web/campioncini/20/card/5455.png?v=334,0,0.0,0.0
7152,Bonfanti N.,Nicholas Bonfanti,A,Pc,1,1,1,1,Pisa,2,2,destro,Italia,28/03/2002 00:00:00,https://content.fantacalcio.it/web/campioncini/20/card/7152.png?v=334,1,0.0,0.0
7153,Lind,Alexander Lind,A,Pc,4,4,4,4,Pisa,8,8,destro,Danimarca,26/06/2002 00:00:00,https://content.fantacalcio.it/web/campioncini/20/card/7153.png?v=334,0,0.0,0.0
6836,Meister,Henrik Meister,A,Pc,2,2,2,2,Pisa,13,10,destro,Danimarca,17/11/2003 00:00:00,https://content.fantacalcio.it/web/campioncini/20/card/6836.png?v=334,0,0.0,0.0
7169,Zelezny,Radoslav Zelezny,P,Por,1,1,1,1,Roma,1,1,sinistro,Polonia,06/09/2006 00:00:00,https://content.fantacalcio.it/web/campioncini/20/card/7169.png?v=334,0,0.0,0.0
610,Gollini,Pierluigi Gollini,P,Por,1,1,1,1,Roma,1,1,destro,Italia,18/03/1995 00:00:00,https://content.fantacalcio.it/web/campioncini/20/card/610.png?v=334,0,0.0,0.0
5841,Svilar,Mile Svilar,P,Por,15,15,15,15,Roma,82,82,destro,Serbia;Belgio,27/08/1999 00:00:00,https://content.fantacalcio.it/web/campioncini/20/card/5841.png?v=334,0,6.0,6.0
4807,Hermoso,Mario Hermoso,D,Dc,3,3,3,3,Roma,8,8,sinistro,Spagna,18/06/1995 00:00:00,https://content.fantacalcio.it/web/campioncini/20/card/4807.png?v=334,0,6.5,6.5
4495,Kumbulla,Marash Kumbulla,D,Dc,2,2,2,2,Roma,5,5,destro,Albania;Italia,08/02/2000 00:00:00,https://content.fantacalcio.it/web/campioncini/20/card/4495.png?v=334,1,0.0,0.0
2296,Mancini,Gianluca Mancini,D,Dc,11,11,11,11,Roma,30,30,destro,Italia,17/04/1996 00:00:00,https://content.fantacalcio.it/web/campioncini/20/card/2296.png?v=334,0,6.5,6.0
4317,N'Dicka,Evan N'Dicka,D,Dc,10,10,10,10,Roma,26,26,sinistro,Francia;Camerun,20/08/1999 00:00:00,https://content.fantacalcio.it/web/campioncini/20/card/4317.png?v=334,0,6.5,6.5
4657,Celik,Zeki Celik,D,B;Dd;E,7,7,8,8,Roma,18,21,destro,Turchia,17/02/1997 00:00:00,https://content.fantacalcio.it/web/campioncini/20/card/4657.png?v=334,0,0.0,0.0
6986,Rensch,Devyne Rensch,D,B;Dd;E,5,5,6,6,Roma,14,17,ambidestro,Olanda;Suriname,18/01/2003 00:00:00,https://content.fantacalcio.it/web/campioncini/20/card/6986.png?v=334,0,0.0,0.0
6885,Abdulhamid,Saud Abdulhamid,D,Dd;E,1,1,1,1,Roma,1,1,destro,Arabia Saudita,18/07/1999 00:00:00,https://content.fantacalcio.it/web/campioncini/20/card/6885.png?v=334,1,0.0,0.0
7020,Salah-Eddine,Anass Salah-Eddine,D,E,4,4,3,3,Roma,7,7,sinistro,Olanda;Marocco,18/01/2002 00:00:00,https://content.fantacalcio.it/web/campioncini/20/card/7020.png?v=334,0,0.0,0.0
4772,Angelino,Angelino,D,E,15,15,14,14,Roma,59,55,sinistro,Spagna,04/01/1997 00:00:00,https://content.fantacalcio.it/web/campioncini/20/card/4772.png?v=334,0,6.0,6.0
7181,Wesley,Wesley,D,E,14,14,13,13,Roma,51,50,destro,Brasile,06/09/2003 00:00:00,https://content.fantacalcio.it/web/campioncini/20/card/7181.png?v=334,0,7.0,10.0
779,Cristante,Bryan Cristante,C,M;C,9,9,9,9,Roma,23,25,destro,Italia;Canada,03/03/1995 00:00:00,https://content.fantacalcio.it/web/campioncini/20/card/779.png?v=334,0,6.5,6.5
6271,El Aynaoui,Neil El Aynaoui,C,M;C,9,9,9,9,Roma,26,26,destro,Francia;Marocco,02/07/2001 00:00:00,https://content.fantacalcio.it/web/campioncini/20/card/6271.png?v=334,0,6.0,6.0
5589,Konè M.,Manu Kouadio Konè,C,M;C,14,14,15,15,Roma,40,45,destro,Francia;Costa d''Avorio,17/05/2001 00:00:00,https://content.fantacalcio.it/web/campioncini/20/card/5589.png?v=334,0,6.5,6.5
6190,Pisilli,Niccolò Pisilli,C,C,7,7,7,7,Roma,15,15,destro,Italia,23/09/2004 00:00:00,https://content.fantacalcio.it/web/campioncini/20/card/6190.png?v=334,0,0.0,0.0
530,Pellegrini Lo.,Lorenzo Pellegrini,C,C;T,11,11,11,11,Roma,20,20,destro,Italia,19/06/1996 00:00:00,https://content.fantacalcio.it/web/campioncini/20/card/530.png?v=334,0,0.0,0.0
795,El Shaarawy,Stephan El Shaarawy,C,W,8,8,7,7,Roma,19,17,destro,Italia;Egitto,27/10/1992 00:00:00,https://content.fantacalcio.it/web/campioncini/20/card/795.png?v=334,0,6.0,6.0
5823,Baldanzi,Tommaso Baldanzi,C,T;A,8,8,8,8,Roma,16,16,sinistro,Italia,23/03/2003 00:00:00,https://content.fantacalcio.it/web/campioncini/20/card/5823.png?v=334,0,0.0,0.0
5734,Soulè,Matias Soulè,A,A,20,20,21,21,Roma,126,131,sinistro,Argentina;Italia,15/04/2003 00:00:00,https://content.fantacalcio.it/web/campioncini/20/card/5734.png?v=334,0,5.0,5.0
309,Dybala,Paulo Dybala,A,A,26,26,27,27,Roma,244,244,sinistro,Argentina;Italia,15/11/1993 00:00:00,https://content.fantacalcio.it/web/campioncini/20/card/309.png?v=334,0,6.5,6.5
6675,Dovbyk,Artem Dovbyk,A,Pc,21,21,21,21,Roma,152,152,sinistro,Ucraina,21/06/1997 00:00:00,https://content.fantacalcio.it/web/campioncini/20/card/6675.png?v=334,0,5.5,5.5
6365,Ferguson E.,Evan Ferguson,A,Pc,19,19,19,19,Roma,124,124,destro,Irlanda,19/10/2004 00:00:00,https://content.fantacalcio.it/web/campioncini/20/card/6365.png?v=334,0,6.5,6.5
4518,Russo A.,Alessandro Russo,P,Por,1,1,1,1,Sassuolo,1,1,destro,Italia,31/03/2001 00:00:00,https://content.fantacalcio.it/web/campioncini/20/card/4518.png?v=334,0,0.0,0.0
2127,Satalino,Giacomo Satalino,P,Por,1,1,1,1,Sassuolo,1,1,destro,Italia,20/05/1999 00:00:00,https://content.fantacalcio.it/web/campioncini/20/card/2127.png?v=334,0,0.0,0.0
4867,Turati,Stefano Turati,P,Por,7,7,7,7,Sassuolo,13,13,destro,Italia,05/09/2001 00:00:00,https://content.fantacalcio.it/web/campioncini/20/card/4867.png?v=334,0,5.5,3.5
7155,Muharemovic,Tarik Muharemovic,D,Dc,5,5,5,5,Sassuolo,12,12,sinistro,Bosnia Erzegovina; Slovenia,28/02/2003 00:00:00,https://content.fantacalcio.it/web/campioncini/20/card/7155.png?v=334,0,5.5,5.5
7154,Odenthal,Cas Odenthal,D,Dc,3,3,3,3,Sassuolo,8,8,destro,Olanda,26/09/2000 00:00:00,https://content.fantacalcio.it/web/campioncini/20/card/7154.png?v=334,0,0.0,0.0
2279,Romagna,Filippo Romagna,D,Dc,4,4,4,4,Sassuolo,9,9,destro,Italia,26/05/1997 00:00:00,https://content.fantacalcio.it/web/campioncini/20/card/2279.png?v=334,0,5.0,5.0
4374,Walukiewicz,Sebastian Walukiewicz,D,Dd;Dc,5,5,6,6,Sassuolo,11,12,destro,Polonia,05/04/2000 00:00:00,https://content.fantacalcio.it/web/campioncini/20/card/4374.png?v=334,0,5.5,5.5
6189,Missori,Filippo Missori,D,Dd;E,2,2,2,2,Sassuolo,5,5,destro,Italia,24/03/2004 00:00:00,https://content.fantacalcio.it/web/campioncini/20/card/6189.png?v=334,0,0.0,0.0
6431,Paz Y.,Yeferson Paz,D,Dd;E,1,1,1,1,Sassuolo,5,5,destro,Colombia,13/06/2002 00:00:00,https://content.fantacalcio.it/web/campioncini/20/card/6431.png?v=334,0,0.0,0.0
5851,Doig,Josh Doig,D,Ds;E,6,6,6,6,Sassuolo,17,17,sinistro,Scozia,18/05/2002 00:00:00,https://content.fantacalcio.it/web/campioncini/20/card/5851.png?v=334,0,6.0,6.0
7156,Pieragnolo,Edoardo Pieragnolo,D,Ds;E,2,2,2,2,Sassuolo,4,4,sinistro,Italia,03/01/2003 00:00:00,https://content.fantacalcio.it/web/campioncini/20/card/7156.png?v=334,0,0.0,0.0
6219,Boloca,Daniel Boloca,C,M;C,6,6,6,6,Sassuolo,13,14,destro,Romania;Italia,22/12/1998 00:00:00,https://content.fantacalcio.it/web/campioncini/20/card/6219.png?v=334,0,6.0,6.0
4930,Ghion,Andrea Ghion,C,M;C,4,4,4,4,Sassuolo,11,12,destro,Italia,23/02/2000 00:00:00,https://content.fantacalcio.it/web/campioncini/20/card/4930.png?v=334,0,0.0,0.0
6717,Konè I.,Ismael Konè,C,M;C,6,6,7,7,Sassuolo,14,16,destro,Canada;Costa d''Avorio,16/06/2002 00:00:00,https://content.fantacalcio.it/web/campioncini/20/card/6717.png?v=334,0,4.5,3.5
6246,Lipani,Luca Lipani,C,M;C,4,4,4,4,Sassuolo,7,8,destro,Italia,18/05/2005 00:00:00,https://content.fantacalcio.it/web/campioncini/20/card/6246.png?v=334,0,5.5,5.5
7157,Iannoni,Edoardo Iannoni,C,C,1,1,1,1,Sassuolo,7,7,destro,Italia,11/04/2001 00:00:00,https://content.fantacalcio.it/web/campioncini/20/card/7157.png?v=334,0,0.0,0.0
5844,Thorstvedt,Kristian Thorstvedt,C,C;T,8,8,8,8,Sassuolo,24,24,sinistro,Norvegia,13/03/1999 00:00:00,https://content.fantacalcio.it/web/campioncini/20/card/5844.png?v=334,0,0.0,0.0
6815,Fadera,Alieu Fadera,C,W,6,6,5,5,Sassuolo,13,10,destro,Gambia,03/11/2001 00:00:00,https://content.fantacalcio.it/web/campioncini/20/card/6815.png?v=334,0,6.0,6.0
5735,Volpato,Cristian Volpato,C,W;T,5,5,5,5,Sassuolo,13,15,sinistro,Italia;Australia,15/11/2003 00:00:00,https://content.fantacalcio.it/web/campioncini/20/card/5735.png?v=334,0,0.0,0.0
1842,Pierini,Nicholas Pierini,A,A,5,5,5,5,Sassuolo,9,9,destro,Italia,06/08/1998 00:00:00,https://content.fantacalcio.it/web/campioncini/20/card/1842.png?v=334,0,0.0,0.0
531,Berardi,Domenico Berardi,A,A,21,21,21,21,Sassuolo,144,144,sinistro,Italia,01/08/1994 00:00:00,https://content.fantacalcio.it/web/campioncini/20/card/531.png?v=334,0,6.0,5.5
6060,Laurientè,Armand Laurientè,A,A,15,15,15,15,Sassuolo,50,53,destro,Francia;Guadalupa,04/12/1998 00:00:00,https://content.fantacalcio.it/web/campioncini/20/card/6060.png?v=334,0,5.5,5.5
5845,Alvarez A.,Agustin Alvarez,A,Pc,2,2,1,1,Sassuolo,4,3,destro,Uruguay,19/05/2001 00:00:00,https://content.fantacalcio.it/web/campioncini/20/card/5845.png?v=334,0,0.0,0.0
7158,Moro L.,Luca Moro,A,Pc,1,1,1,1,Sassuolo,1,1,destro,Italia,25/01/2001 00:00:00,https://content.fantacalcio.it/web/campioncini/20/card/7158.png?v=334,0,0.0,0.0
6205,Mulattieri,Samuele Mulattieri,A,Pc,5,5,4,4,Sassuolo,10,8,destro,Italia,07/10/2000 00:00:00,https://content.fantacalcio.it/web/campioncini/20/card/6205.png?v=334,0,0.0,0.0
2038,Pinamonti,Andrea Pinamonti,A,Pc,16,16,16,16,Sassuolo,73,70,destro,Italia,19/05/1999 00:00:00,https://content.fantacalcio.it/web/campioncini/20/card/2038.png?v=334,0,5.0,5.0
7159,Skjellerup,Laurs Skjellerup,A,Pc,1,1,1,1,Sassuolo,1,1,destro,Danimarca,12/08/2002 00:00:00,https://content.fantacalcio.it/web/campioncini/20/card/7159.png?v=334,0,0.0,0.0
216,Donnarumma An.,Antonio Donnarumma,P,Por,1,1,1,1,Torino,1,1,destro,Italia,07/07/1990 00:00:00,https://content.fantacalcio.it/web/campioncini/20/card/216.png?v=334,1,0.0,0.0
7179,Israel,Franco Israel,P,Por,9,9,9,9,Torino,30,30,destro,Uruguay;Italia,22/04/2000 00:00:00,https://content.fantacalcio.it/web/campioncini/20/card/7179.png?v=334,0,0.0,0.0
5320,Paleari,Alberto Paleari,P,Por,1,1,1,1,Torino,1,1,destro,Italia,29/08/1992 00:00:00,https://content.fantacalcio.it/web/campioncini/20/card/5320.png?v=334,0,0.0,0.0
6210,Popa,Mihai Popa,P,Por,1,1,1,1,Torino,1,1,destro,Romania,12/10/2000 00:00:00,https://content.fantacalcio.it/web/campioncini/20/card/6210.png?v=334,0,0.0,0.0
6642,Coco,Saul Coco,D,Dc,8,8,8,8,Torino,12,12,destro,Guinea Equatoriale;Spagna,09/02/1999 00:00:00,https://content.fantacalcio.it/web/campioncini/20/card/6642.png?v=334,0,0.0,0.0
5010,Ismajli,Ardian Ismajli,D,Dc,8,8,8,8,Torino,14,14,destro,Albania;Kosovo,30/09/1996 00:00:00,https://content.fantacalcio.it/web/campioncini/20/card/5010.png?v=334,0,0.0,0.0
4665,Maripan,Guillermo Maripan,D,Dc,7,7,7,7,Torino,13,13,destro,Cile,06/05/1994 00:00:00,https://content.fantacalcio.it/web/campioncini/20/card/4665.png?v=334,0,0.0,0.0
6041,Schuurs,Perr Schuurs,D,Dc,3,3,3,3,Torino,5,5,destro,Olanda,26/11/1999 00:00:00,https://content.fantacalcio.it/web/campioncini/20/card/6041.png?v=334,0,0.0,0.0
49,Masina,Adam Masina,D,B;Ds;E,3,3,4,4,Torino,8,10,sinistro,Italia;Marocco,02/01/1994 00:00:00,https://content.fantacalcio.it/web/campioncini/20/card/49.png?v=334,0,0.0,0.0
6826,Dembelè A.,Ali Dembelè,D,Dd;E,1,1,1,1,Torino,3,3,destro,Francia;Mali,05/01/2004 00:00:00,https://content.fantacalcio.it/web/campioncini/20/card/6826.png?v=334,0,0.0,0.0
4385,Lazaro,Valentino Lazaro,D,Dd;E,7,7,7,7,Torino,19,19,destro,Austria,24/03/1996 00:00:00,https://content.fantacalcio.it/web/campioncini/20/card/4385.png?v=334,0,0.0,0.0
6426,Pedersen,Marcus Pedersen,D,Dd;E,4,4,4,4,Torino,9,9,destro,Norvegia,16/07/2000 00:00:00,https://content.fantacalcio.it/web/campioncini/20/card/6426.png?v=334,0,0.0,0.0
252,Biraghi,Cristiano Biraghi,D,Ds;E,8,8,8,8,Torino,23,23,sinistro,Italia,12/09/1992 00:00:00,https://content.fantacalcio.it/web/campioncini/20/card/252.png?v=334,0,0.0,0.0
4890,Tameze,Adrien Tameze,C,M;C,5,5,5,5,Torino,11,14,destro,Francia;Camerun,04/02/1994 00:00:00,https://content.fantacalcio.it/web/campioncini/20/card/4890.png?v=334,0,0.0,0.0
6170,Gineitis,Gvidas Gineitis,C,C,5,5,5,5,Torino,11,11,sinistro,Lituania,15/04/2004 00:00:00,https://content.fantacalcio.it/web/campioncini/20/card/6170.png?v=334,0,0.0,0.0
5007,Ilic,Ivan Ilic,C,C,7,7,7,7,Torino,12,12,destro,Serbia,17/03/2001 00:00:00,https://content.fantacalcio.it/web/campioncini/20/card/5007.png?v=334,0,0.0,0.0
5888,Casadei,Cesare Casadei,C,C;T,12,12,12,12,Torino,30,30,destro,Italia,10/01/2003 00:00:00,https://content.fantacalcio.it/web/campioncini/20/card/5888.png?v=334,0,0.0,0.0
6889,Anjorin,Faustino Anjorin,C,C;T,10,10,10,10,Torino,23,23,destro,Inghilterra;Nigeria,23/11/2001 00:00:00,https://content.fantacalcio.it/web/campioncini/20/card/6889.png?v=334,0,0.0,0.0
5687,Vlasic,Nikola Vlasic,C,T,15,15,14,14,Torino,46,42,destro,Croazia,04/10/1997 00:00:00,https://content.fantacalcio.it/web/campioncini/20/card/5687.png?v=334,0,0.0,0.0
6145,Ngonge,Cyril Ngonge,A,A,9,9,9,9,Torino,20,20,sinistro,Belgio;Repubblica Democratica del Congo,26/05/2000 00:00:00,https://content.fantacalcio.it/web/campioncini/20/card/6145.png?v=334,0,0.0,0.0
6646,Adams C.,Che Adams,A,A,14,14,14,14,Torino,68,68,destro,Scozia;Inghilterra,13/07/1996 00:00:00,https://content.fantacalcio.it/web/campioncini/20/card/6646.png?v=334,0,0.0,0.0
6827,Njie,Alieu Njie,A,A,1,1,1,1,Torino,1,1,destro,Svezia:Gambia,14/05/2005 00:00:00,https://content.fantacalcio.it/web/campioncini/20/card/6827.png?v=334,0,0.0,0.0
479,Sanabria,Antonio Sanabria,A,Pc,7,7,6,6,Cremonese,33,30,destro,Paraguay;Spagna,04/03/1996 00:00:00,https://content.fantacalcio.it/web/campioncini/20/card/479.png?v=334,0,6.0,6.0
608,Zapata D.,Duvan Zapata,A,Pc,20,20,20,20,Torino,91,88,destro,Colombia,01/04/1991 00:00:00,https://content.fantacalcio.it/web/campioncini/20/card/608.png?v=334,0,0.0,0.0
6462,Okoye,Maduka Okoye,P,Por,6,6,6,6,Udinese,17,17,destro,Nigeria;Germania,28/08/1999 00:00:00,https://content.fantacalcio.it/web/campioncini/20/card/6462.png?v=334,0,0.0,0.0
543,Padelli,Daniele Padelli,P,Por,1,1,1,1,Udinese,1,1,destro,Italia,25/10/1985 00:00:00,https://content.fantacalcio.it/web/campioncini/20/card/543.png?v=334,0,0.0,0.0
6842,Sava,Razvan Sava,P,Por,4,4,4,4,Udinese,8,8,destro,Romania,21/06/2002 00:00:00,https://content.fantacalcio.it/web/campioncini/20/card/6842.png?v=334,0,0.0,0.0
5820,Bertola,Nicolò Bertola,D,Dc,6,6,6,6,Udinese,11,11,destro,Italia,23/03/2003 00:00:00,https://content.fantacalcio.it/web/campioncini/20/card/5820.png?v=334,0,0.0,0.0
6533,Giannetti L.,Lautaro Giannetti,D,Dc,3,3,3,3,Udinese,7,7,destro,Argentina;Italia,13/11/1993 00:00:00,https://content.fantacalcio.it/web/campioncini/20/card/6533.png?v=334,1,0.0,0.0
4263,Kabasele,Christian Kabasele,D,Dc,3,3,3,3,Udinese,6,6,destro,Belgio;Repubblica Democratica del Congo,24/02/1991 00:00:00,https://content.fantacalcio.it/web/campioncini/20/card/4263.png?v=334,0,0.0,0.0
6925,Palma,Matteo Palma,D,Dc,1,1,1,1,Udinese,3,3,destro,Germania;Italia,13/03/2008 00:00:00,https://content.fantacalcio.it/web/campioncini/20/card/6925.png?v=334,0,0.0,0.0
6956,Solet,Oumar Solet,D,Dc,11,11,11,11,Udinese,40,40,destro,Francia;Repubblica Centrafricana,07/02/2000 00:00:00,https://content.fantacalcio.it/web/campioncini/20/card/6956.png?v=334,0,0.0,0.0
6485,Kristensen T.,Thomas Kristensen,D,Dd;Dc,5,5,5,5,Udinese,12,13,destro,Danimarca,17/01/2002 00:00:00,https://content.fantacalcio.it/web/campioncini/20/card/6485.png?v=334,0,0.0,0.0
6047,Ehizibue,Kingsley Ehizibue,D,Dd;E,5,5,5,5,Udinese,15,15,destro,Nigeria;Olanda,25/05/1995 00:00:00,https://content.fantacalcio.it/web/campioncini/20/card/6047.png?v=334,0,0.0,0.0
5555,Kamara H.,Hassane Kamara,D,Ds;E,7,7,7,7,Udinese,19,19,sinistro,Francia;Gambia,05/03/1994 00:00:00,https://content.fantacalcio.it/web/campioncini/20/card/5555.png?v=334,0,0.0,0.0
6211,Zemura,Jordan Zemura,D,Ds;E,3,3,3,3,Udinese,8,8,sinistro,Zimbabwe;Inghilterra,14/11/1999 00:00:00,https://content.fantacalcio.it/web/campioncini/20/card/6211.png?v=334,0,0.0,0.0
6900,Rui Modesto,Rui Modesto,D,E,3,3,2,2,Udinese,6,4,destro,Angola;Portogallo,07/10/1999 00:00:00,https://content.fantacalcio.it/web/campioncini/20/card/6900.png?v=334,0,0.0,0.0
6680,Karlstrom,Jesper Karlstrom,C,M;C,6,6,6,6,Udinese,14,15,destro,Svezia,21/06/1995 00:00:00,https://content.fantacalcio.it/web/campioncini/20/card/6680.png?v=334,0,0.0,0.0
6212,Zarraga,Oier Zarraga,C,M;C,2,2,2,2,Udinese,6,7,destro,Spagna,04/01/1999 00:00:00,https://content.fantacalcio.it/web/campioncini/20/card/6212.png?v=334,0,0.0,0.0
6908,Atta,Arthur Atta,C,C,6,6,6,6,Udinese,24,24,destro,Francia;Benin,14/01/2003 00:00:00,https://content.fantacalcio.it/web/campioncini/20/card/6908.png?v=334,0,0.0,0.0
5850,Lovric,Sandi Lovric,C,C,9,9,9,9,Udinese,24,24,destro,Slovenia;Austria,28/03/1998 00:00:00,https://content.fantacalcio.it/web/campioncini/20/card/5850.png?v=334,0,0.0,0.0
6481,Payero,Martin Payero,C,C,4,4,4,4,Cremonese,10,10,destro,Argentina;Italia,11/09/1998 00:00:00,https://content.fantacalcio.it/web/campioncini/20/card/6481.png?v=334,0,6.0,5.5
6684,Ekkelenkamp,Jurgen Ekkelenkamp,C,C;T,10,10,10,10,Udinese,22,22,destro,Olanda,05/04/2000 00:00:00,https://content.fantacalcio.it/web/campioncini/20/card/6684.png?v=334,0,0.0,0.0
5824,Pafundi,Simone Pafundi,C,T;A,1,1,1,1,Udinese,6,6,sinistro,Italia,14/03/2006 00:00:00,https://content.fantacalcio.it/web/campioncini/20/card/5824.png?v=334,1,0.0,0.0
6653,Bravo,Iker Bravo,A,A,6,6,6,6,Udinese,22,22,destro,Spagna,13/01/2005 00:00:00,https://content.fantacalcio.it/web/campioncini/20/card/6653.png?v=334,0,0.0,0.0
6213,Brenner,Brenner,A,A,3,3,3,3,Udinese,10,10,destro,Brasile,16/01/2000 00:00:00,https://content.fantacalcio.it/web/campioncini/20/card/6213.png?v=334,1,0.0,0.0
2475,Sanchez,Alexis Sanchez,A,A,7,7,7,7,Udinese,10,10,destro,Cile,19/02/1988 00:00:00,https://content.fantacalcio.it/web/campioncini/20/card/2475.png?v=334,0,0.0,0.0
2369,Thauvin,Florian Thauvin,A,A,16,16,16,16,Udinese,64,64,sinistro,Francia,26/01/1993 00:00:00,https://content.fantacalcio.it/web/campioncini/20/card/2369.png?v=334,1,0.0,0.0
7161,Bayo V.,Vakoun Bayo,A,Pc,4,4,4,4,Udinese,12,12,destro,Costa d''Avorio,10/01/1997 00:00:00,https://content.fantacalcio.it/web/campioncini/20/card/7161.png?v=334,0,0.0,0.0
5637,Davis K.,Keinan Davis,A,Pc,12,12,11,11,Udinese,40,40,destro,Inghilterra,13/02/1998 00:00:00,https://content.fantacalcio.it/web/campioncini/20/card/5637.png?v=334,0,0.0,0.0
6635,Pizarro,Damian Pizarro,A,Pc,1,1,1,1,Udinese,3,2,destro,Cile,28/03/2005 00:00:00,https://content.fantacalcio.it/web/campioncini/20/card/6635.png?v=334,0,0.0,0.0
4957,Montipò,Lorenzo Montipò,P,Por,5,5,5,5,Verona,10,10,destro,Italia,20/02/1996 00:00:00,https://content.fantacalcio.it/web/campioncini/20/card/4957.png?v=334,0,0.0,0.0
511,Perilli,Simone Perilli,P,Por,1,1,1,1,Verona,1,1,destro,Italia,07/01/1995 00:00:00,https://content.fantacalcio.it/web/campioncini/20/card/511.png?v=334,0,0.0,0.0
6631,Ghilardi,Daniele Ghilardi,D,Dc,4,4,4,4,Roma,14,14,destro,Italia,06/01/2003 00:00:00,https://content.fantacalcio.it/web/campioncini/20/card/6631.png?v=334,0,0.0,0.0
7011,Slotsager,Tobias Slotsager,D,Dc,2,2,2,2,Verona,5,5,destro,Danimarca,01/01/2006 00:00:00,https://content.fantacalcio.it/web/campioncini/20/card/7011.png?v=334,0,0.0,0.0
6894,Unai Nunez,Unai Nunez,D,Dc,5,5,5,5,Verona,10,10,destro,Spagna,30/01/1997 00:00:00,https://content.fantacalcio.it/web/campioncini/20/card/6894.png?v=334,0,0.0,0.0
6957,Valentini N.,Nicolas Valentini,D,Dc,4,4,4,4,Verona,9,9,sinistro,Argentina;Italia,06/04/2001 00:00:00,https://content.fantacalcio.it/web/campioncini/20/card/6957.png?v=334,0,0.0,0.0
5994,Ebosse,Enzo Ebosse,D,Ds;Dc,4,4,5,5,Verona,11,13,sinistro,Camerun;Francia,11/03/1999 00:00:00,https://content.fantacalcio.it/web/campioncini/20/card/5994.png?v=334,0,0.0,0.0
6992,Oyegoke,Daniel Oyegoke,D,B;Dd;E,2,2,2,2,Verona,4,5,destro,Inghilterra;Nigeria,03/01/2003 00:00:00,https://content.fantacalcio.it/web/campioncini/20/card/6992.png?v=334,0,0.0,0.0
6480,Tchatchoua,Jackson Tchatchoua,D,Dd;E,8,8,8,8,Verona,17,17,destro,Belgio;Camerun,14/09/2001 00:00:00,https://content.fantacalcio.it/web/campioncini/20/card/6480.png?v=334,1,0.0,0.0
6639,Frese,Martin Frese,D,Ds;E,3,3,3,3,Verona,9,9,sinistro,Danimarca,04/01/1998 00:00:00,https://content.fantacalcio.it/web/campioncini/20/card/6639.png?v=334,0,0.0,0.0
5540,Niasse,Cheikh Niasse,C,M;C,3,3,3,3,Verona,12,15,destro,Francia;Senegal,19/01/2000 00:00:00,https://content.fantacalcio.it/web/campioncini/20/card/5540.png?v=334,0,0.0,0.0
7028,Bernede,Antoine Bernede,C,C,4,4,4,4,Verona,10,10,destro,Francia;Camerun,26/05/1999 00:00:00,https://content.fantacalcio.it/web/campioncini/20/card/7028.png?v=334,0,0.0,0.0
7177,Santiago,Yellu Santiago,C,C,2,2,2,2,Verona,2,2,destro,Spagna,25/05/2004 00:00:00,https://content.fantacalcio.it/web/campioncini/20/card/7177.png?v=334,0,0.0,0.0
6458,Serdar,Suat Serdar,C,C,5,5,5,5,Verona,12,12,destro,Germania;Turchia,11/04/1997 00:00:00,https://content.fantacalcio.it/web/campioncini/20/card/6458.png?v=334,0,0.0,0.0
2117,Kastanos,Grigoris Kastanos,C,C;T,4,4,4,4,Verona,10,10,sinistro,Cipro,30/01/1998 00:00:00,https://content.fantacalcio.it/web/campioncini/20/card/2117.png?v=334,0,0.0,0.0
6618,Cissè A.,Alphadjo Cissè,C,W;T,1,1,1,1,Verona,1,1,destro,Italia;Guinea,22/10/2006 00:00:00,https://content.fantacalcio.it/web/campioncini/20/card/6618.png?v=334,1,0.0,0.0
5688,Harroui,Abdou Harroui,C,W;T,7,7,7,7,Verona,14,14,ambidestro,Olanda;Marocco,13/01/1998 00:00:00,https://content.fantacalcio.it/web/campioncini/20/card/5688.png?v=334,0,0.0,0.0
6486,Suslov,Tomas Suslov,C,W;T,9,9,9,9,Verona,14,14,sinistro,Slovacchia,07/06/2002 00:00:00,https://content.fantacalcio.it/web/campioncini/20/card/6486.png?v=334,0,0.0,0.0
7162,Giovane,Giovane,A,A,1,1,1,1,Verona,12,12,sinistro,Brasile,24/11/2003 00:00:00,https://content.fantacalcio.it/web/campioncini/20/card/7162.png?v=334,0,0.0,0.0
6159,Sarr A.,Amin Sarr,A,A,8,8,8,8,Verona,24,24,destro,Svezia;Senegal,11/03/2001 00:00:00,https://content.fantacalcio.it/web/campioncini/20/card/6159.png?v=334,0,0.0,0.0
6630,Mosquera,Daniel Mosquera,A,Pc,6,6,6,6,Verona,14,14,destro,Colombia,20/10/1999 00:00:00,https://content.fantacalcio.it/web/campioncini/20/card/6630.png?v=334,0,0.0,0.0
6644,Rocha Livramento,Dailon Rocha Livramento,A,Pc,3,3,2,2,Verona,8,6,destro,Capo Verde;Olanda,04/05/2001 00:00:00,https://content.fantacalcio.it/web/campioncini/20/card/6644.png?v=334,0,0.0,0.0
6125,Vasquez D.,Devis Vasquez,P,Por,1,1,1,1,Roma,1,1,destro,Colombia,12/05/1998 00:00:00,https://content.fantacalcio.it/web/campioncini/20/card/6125.png?v=334,0,0.0,0.0
5750,Ostigard,Ostigard Leo,D,Dc,5,5,5,5,Genoa,13,13,destro,Norvegia,28/11/1999 00:00:00,https://content.fantacalcio.it/web/campioncini/20/card/5750.png?v=334,0,0.0,0.0
7183,Aboukhlal,Zakaria Aboukhlal,A,A,9,9,9,9,Torino,15,15,ambidestro,Marocco;Olanda,18/02/2000 00:00:00,https://content.fantacalcio.it/web/campioncini/20/card/7183.png?v=334,0,0.0,0.0
7185,Nunziante,Alessandro Nunziante,P,Por,1,1,1,1,Udinese,1,1,destro,Italia,14/03/2007 00:00:00,https://content.fantacalcio.it/web/campioncini/20/card/7185.png?v=334,0,0.0,0.0
1976,Mazzitelli,Luca Mazzitelli,C,M;C,5,5,5,5,Cagliari,11,12,destro,Italia,15/11/1995 00:00:00,https://content.fantacalcio.it/web/campioncini/20/card/1976.png?v=334,0,0.0,0.0
6869,Ramon,Jacobo Ramon,D,Dc,4,4,4,4,Como,13,13,destro,Spagna,06/01/2005 00:00:00,https://content.fantacalcio.it/web/campioncini/20/card/6869.png?v=334,0,0.0,0.0
158,Lezzerini,Luca Lezzerini,P,Por,1,1,1,1,Fiorentina,1,1,destro,Italia,24/03/1995 00:00:00,https://content.fantacalcio.it/web/campioncini/20/card/158.png?v=334,0,0.0,0.0
7196,Denoon,Daniel Denoon,D,Dc,2,2,2,2,Pisa,4,4,destro,Svizzera,28/01/2004 00:00:00,https://content.fantacalcio.it/web/campioncini/20/card/7196.png?v=334,0,0.0,0.0
7198,Piotrowski,Jakub Piotrowski,C,C,6,6,6,6,Udinese,12,12,destro,Polonia,04/10/1997 00:00:00,https://content.fantacalcio.it/web/campioncini/20/card/7198.png?v=334,0,0.0,0.0
7199,Kilicsoy,Semih Kilicsoy,A,A,6,6,6,6,Cagliari,17,17,destro,Turchia,15/08/2005 00:00:00,https://content.fantacalcio.it/web/campioncini/20/card/7199.png?v=334,0,0.0,0.0
5532,Bradaric,Bradaric Domagoj,D,Ds;E,4,4,4,4,Verona,8,8,sinistro,Croazia,10/12/1999 00:00:00,https://content.fantacalcio.it/web/campioncini/20/card/5532.png?v=334,0,0.0,0.0
7202,Ndiaye,Abdoulaye Ndiaye,D,Dc,4,4,4,4,Parma,10,10,sinistro,Senegal,10/04/2002 00:00:00,https://content.fantacalcio.it/web/campioncini/20/card/7202.png?v=334,0,0.0,0.0
6537,Goglichidze,Saba Goglichidze,D,Dd;Dc,4,4,4,4,Udinese,10,11,destro,Georgia,25/06/2004 00:00:00,https://content.fantacalcio.it/web/campioncini/20/card/6537.png?v=334,0,0.0,0.0
7203,Jashari,Ardon Jashari,C,C,13,13,13,13,Milan,39,39,sinistro,Svizzera;Macedonia del Nord,30/07/2002 00:00:00,https://content.fantacalcio.it/web/campioncini/20/card/7203.png?v=334,0,5.5,5.5
697,Cuadrado,Juan Cuadrado,D,E,7,7,6,6,Pisa,13,12,destro,Colombia,26/05/1988 00:00:00,https://content.fantacalcio.it/web/campioncini/20/card/697.png?v=334,0,0.0,0.0
5336,Nzola,M'Bala Nzola,A,Pc,12,12,12,12,Pisa,28,28,sinistro,Francia;Angola,18/08/1996 00:00:00,https://content.fantacalcio.it/web/campioncini/20/card/5336.png?v=334,0,0.0,0.0
6672,Idzes,Jay Idzes,D,Dc,7,7,7,7,Sassuolo,17,17,destro,Indonesia;Olanda,02/06/2000 00:00:00,https://content.fantacalcio.it/web/campioncini/20/card/6672.png?v=334,0,0.0,0.0
2839,Sottil,Riccardo Sottil,C,W;A,11,11,10,10,Lecce,23,23,destro,Italia,03/06/1999 00:00:00,https://content.fantacalcio.it/web/campioncini/20/card/2839.png?v=334,0,5.5,5.5
6985,Candè,Fqli Candè,D,Ds;Dc,6,6,6,6,Sassuolo,14,14,sinistro,Guinea Bissau;Portogallo,24/01/1998 00:00:00,https://content.fantacalcio.it/web/campioncini/20/card/6985.png?v=334,0,0.0,0.0
313,Morata,Alvaro Morata,A,Pc,18,18,18,18,Como,84,81,destro,Spagna,23/10/1992 00:00:00,https://content.fantacalcio.it/web/campioncini/20/card/313.png?v=334,0,0.0,0.0
7208,Miller L.,Lennon Miller,C,M;C,3,3,4,4,Udinese,10,12,destro,Scozia,25/08/2006 00:00:00,https://content.fantacalcio.it/web/campioncini/20/card/7208.png?v=334,0,0.0,0.0
4236,Muric,Arijanet Muric,P,Por,3,3,3,3,Sassuolo,6,6,destro,Kosovo;Montenegro,07/11/1998 00:00:00,https://content.fantacalcio.it/web/campioncini/20/card/4236.png?v=334,0,0.0,0.0
7209,Sorensen O.,Oliver Sorensen,C,C,6,6,6,6,Parma,14,14,sinistro,Danimarca,10/03/2002 00:00:00,https://content.fantacalcio.it/web/campioncini/20/card/7209.png?v=334,0,0.0,0.0
2211,Silvestri,Marco Silvestri,P,Por,1,1,1,1,Cremonese,1,1,destro,Italia,02/03/1991 00:00:00,https://content.fantacalcio.it/web/campioncini/20/card/2211.png?v=334,0,0.0,0.0
5324,Godfrey,Ben Godfrey,D,B;Dd;Ds,1,1,1,1,Atalanta,1,1,destro,Inghilterra,15/01/1998 00:00:00,https://content.fantacalcio.it/web/campioncini/20/card/5324.png?v=334,1,0.0,0.0
2076,Rog,Marko Rog,C,M;C,1,1,1,1,Cagliari,1,1,destro,Croazia,19/07/1995 00:00:00,https://content.fantacalcio.it/web/campioncini/20/card/2076.png?v=334,0,0.0,0.0
7211,Athekame,Zachary Athekame,D,Dd;E,6,6,6,6,Milan,14,14,destro,Svizzera,13/12/2004 00:00:00,https://content.fantacalcio.it/web/campioncini/20/card/7211.png?v=334,0,0.0,0.0
7212,Heggem,Torbjorn Heggem,D,Ds;Dc,4,4,5,5,Bologna,11,13,sinistro,Norvegia,12/01/1999 00:00:00,https://content.fantacalcio.it/web/campioncini/20/card/7212.png?v=334,0,0.0,0.0
7213,Frigan,Matija Frigan,A,Pc,7,7,6,6,Parma,9,9,sinistro,Croazia,11/02/2003 00:00:00,https://content.fantacalcio.it/web/campioncini/20/card/7213.png?v=334,0,0.0,0.0
6677,Adzic,Vasilije Adzic,C,C;T,1,1,1,1,Juventus,1,1,destro,Montenegro,12/05/2006 00:00:00,https://content.fantacalcio.it/web/campioncini/20/card/6677.png?v=334,0,0.0,0.0
6005,Ilkhan,Emirhan Ilkhan,C,C;T,1,1,1,1,Torino,1,1,destro,Turchia,01/06/2004 00:00:00,https://content.fantacalcio.it/web/campioncini/20/card/6005.png?v=334,0,0.0,0.0
7220,Belghali,Rafik Belghali,D,Dd;E,4,4,4,4,Verona,12,12,destro,Algeria;Belgio,07/06/2002 00:00:00,https://content.fantacalcio.it/web/campioncini/20/card/7220.png?v=334,0,0.0,0.0
5427,Gutierrez,Miguel Gutierrez,D,Ds;E,8,8,8,8,Napoli,18,18,sinistro,Spagna,27/07/2001 00:00:00,https://content.fantacalcio.it/web/campioncini/20/card/5427.png?v=334,0,0.0,0.0
2670,Bailey,Leon Bailey,C,W;A,16,16,15,15,Roma,59,59,sinistro,Giamaica,09/08/1997 00:00:00,https://content.fantacalcio.it/web/campioncini/20/card/2670.png?v=334,0,0.0,0.0
7018,Nelsson,Victor Nelsson,D,Dc,5,5,5,5,Verona,10,10,destro,Danimarca,14/10/1998 00:00:00,https://content.fantacalcio.it/web/campioncini/20/card/7018.png?v=334,0,0.0,0.0
7235,Troilo,Mariano Troilo,D,Dc,6,6,6,6,Parma,13,13,ambidestro,Argentina,22/06/2003 00:00:00,https://content.fantacalcio.it/web/campioncini/20/card/7235.png?v=334,0,0.0,0.0
7240,Siebert,Jamil Siebert,D,Dc,5,5,5,5,Lecce,11,11,destro,Germania,02/04/2002 00:00:00,https://content.fantacalcio.it/web/campioncini/20/card/7240.png?v=334,0,0.0,0.0
6274,Diouf,Andy Diouf,C,C,7,7,7,7,Inter,16,16,sinistro,Francia;Senegal,17/05/2003 00:00:00,https://content.fantacalcio.it/web/campioncini/20/card/6274.png?v=334,0,0.0,0.0
5610,Vranckx,Aster Vranckx,C,M;C,4,4,5,5,Sassuolo,11,13,destro,Belgio;Repubblica Democratica Del Congo,04/10/2002 00:00:00,https://content.fantacalcio.it/web/campioncini/20/card/5610.png?v=334,0,0.0,0.0
7246,Sala A.,Alex Sala,C,C,3,3,3,3,Lecce,8,8,destro,Spagna,09/04/2001 00:00:00,https://content.fantacalcio.it/web/campioncini/20/card/7246.png?v=334,0,0.0,0.0
6844,Rowe,Jonathan Rowe,C,W;T,14,14,14,14,Bologna,51,51,destro,Inghilterra,30/04/2003 00:00:00,https://content.fantacalcio.it/web/campioncini/20/card/6844.png?v=334,0,0.0,0